,Date,LastMessageCount,LastAwakegeCount,LastChickenCount,LastStreamCount,LastAsleepgeCount
0,2021-11-01,0.0,0.0,0.0,0.0,0.0
1,2021-11-02,0.0,0.0,0.0,0.0,0.0
2,2021-11-03,4.0,0.0,0.0,0.0,0.0
3,2021-11-04,2.0,0.0,0.0,0.0,0.0
4,2021-11-05,0.0,0.0,0.0,0.0,0.0
5,2021-11-06,4.0,0.0,0.0,0.0,0.0
6,2021-11-07,0.0,0.0,0.0,0.0,0.0
7,2021-11-08,0.0,0.0,0.0,0.0,0.0
8,2021-11-09,2.0,0.0,0.0,0.0,0.0
9,2021-11-10,7.0,0.0,0.0,1.0,0.0
10,2021-11-11,10.0,0.0,0.0,1.0,0.0
11,2021-11-12,7.0,0.0,0.0,0.0,0.0
12,2021-11-13,4.0,0.0,0.0,0.0,0.0
13,2021-11-14,15.0,0.0,1.0,0.0,0.0
14,2021-11-15,6.0,0.0,0.0,0.0,0.0
15,2021-11-16,12.0,0.0,0.0,0.0,0.0
16,2021-11-17,16.0,0.0,0.0,0.0,0.0
17,2021-11-18,1.0,0.0,0.0,0.0,0.0
18,2021-11-19,2.0,0.0,0.0,0.0,0.0
19,2021-11-20,3.0,0.0,0.0,0.0,0.0
20,2021-11-21,3.0,0.0,0.0,0.0,0.0
21,2021-11-22,2.0,0.0,0.0,0.0,0.0
22,2021-11-23,46.0,0.0,0.0,0.0,0.0
23,2021-11-24,11.0,0.0,0.0,1.0,0.0
24,2021-11-25,7.0,0.0,0.0,1.0,0.0
25,2021-11-26,38.0,0.0,0.0,1.0,0.0
26,2021-11-27,18.0,0.0,0.0,1.0,0.0
27,2021-11-28,5.0,0.0,0.0,1.0,0.0
28,2021-11-29,9.0,0.0,0.0,1.0,0.0
29,2021-11-30,15.0,0.0,0.0,3.0,0.0
30,2021-12-01,52.0,0.0,0.0,4.0,0.0
31,2021-12-02,8.0,0.0,0.0,0.0,0.0
32,2021-12-03,22.0,0.0,0.0,2.0,0.0
33,2021-12-04,4.0,0.0,0.0,1.0,1.0
34,2021-12-05,9.0,0.0,0.0,0.0,0.0
35,2021-12-06,1.0,0.0,0.0,0.0,0.0
36,2021-12-07,2.0,0.0,0.0,0.0,0.0
37,2021-12-08,1.0,0.0,0.0,0.0,0.0
38,2021-12-09,11.0,0.0,0.0,1.0,0.0
39,2021-12-10,5.0,0.0,0.0,1.0,0.0
40,2021-12-11,5.0,0.0,0.0,0.0,0.0
41,2021-12-12,8.0,0.0,0.0,1.0,0.0
42,2021-12-13,2.0,0.0,0.0,1.0,0.0
43,2021-12-14,8.0,0.0,0.0,1.0,0.0
44,2021-12-15,6.0,0.0,0.0,1.0,0.0
45,2021-12-16,5.0,0.0,0.0,0.0,0.0
46,2021-12-17,10.0,0.0,0.0,0.0,0.0
47,2021-12-18,8.0,0.0,0.0,1.0,0.0
48,2021-12-19,2.0,0.0,0.0,0.0,0.0
49,2021-12-20,2.0,0.0,0.0,0.0,0.0
50,2021-12-21,5.0,0.0,0.0,0.0,0.0
51,2021-12-22,8.0,0.0,0.0,1.0,0.0
52,2021-12-23,14.0,0.0,0.0,1.0,0.0
53,2021-12-24,9.0,0.0,0.0,1.0,0.0
54,2021-12-25,1.0,0.0,0.0,0.0,0.0
55,2021-12-26,3.0,0.0,0.0,1.0,0.0
56,2021-12-27,2.0,0.0,0.0,0.0,0.0
57,2021-12-28,2.0,0.0,0.0,0.0,0.0
58,2021-12-29,7.0,0.0,0.0,1.0,0.0
59,2021-12-30,6.0,0.0,0.0,0.0,0.0
60,2021-12-31,5.0,0.0,0.0,0.0,0.0
61,2022-01-01,2.0,0.0,0.0,1.0,0.0
62,2022-01-02,1.0,0.0,0.0,0.0,0.0
63,2022-01-03,6.0,0.0,0.0,1.0,0.0
64,2022-01-04,3.0,0.0,0.0,0.0,0.0
65,2022-01-05,17.0,0.0,0.0,0.0,0.0
66,2022-01-06,8.0,0.0,0.0,0.0,0.0
67,2022-01-07,13.0,0.0,0.0,0.0,0.0
68,2022-01-08,6.0,1.0,0.0,1.0,0.0
69,2022-01-09,8.0,0.0,0.0,0.0,0.0
70,2022-01-10,7.0,0.0,0.0,0.0,0.0
71,2022-01-11,14.0,0.0,0.0,0.0,0.0
72,2022-01-12,17.0,0.0,0.0,1.0,0.0
73,2022-01-13,8.0,0.0,0.0,0.0,0.0
74,2022-01-14,7.0,0.0,0.0,0.0,0.0
75,2022-01-15,4.0,0.0,0.0,0.0,0.0
76,2022-01-16,4.0,0.0,0.0,0.0,0.0
77,2022-01-17,2.0,0.0,0.0,0.0,0.0
78,2022-01-18,1.0,0.0,0.0,0.0,0.0
79,2022-01-19,2.0,0.0,0.0,0.0,0.0
80,2022-01-20,2.0,0.0,0.0,0.0,0.0
81,2022-01-21,3.0,0.0,0.0,0.0,0.0
82,2022-01-22,31.0,0.0,0.0,2.0,0.0
83,2022-01-23,15.0,0.0,0.0,1.0,0.0
84,2022-01-24,2.0,0.0,0.0,0.0,0.0
85,2022-01-25,2.0,0.0,0.0,0.0,0.0
86,2022-01-26,3.0,0.0,0.0,0.0,0.0
87,2022-01-27,6.0,0.0,0.0,0.0,0.0
88,2022-01-28,4.0,0.0,0.0,1.0,0.0
89,2022-01-29,7.0,0.0,0.0,0.0,0.0
90,2022-01-30,0.0,0.0,0.0,0.0,0.0
91,2022-01-31,17.0,0.0,0.0,0.0,0.0
92,2022-02-01,6.0,0.0,0.0,0.0,0.0
93,2022-02-02,6.0,0.0,0.0,0.0,0.0
94,2022-02-03,6.0,0.0,0.0,0.0,0.0
95,2022-02-04,3.0,0.0,0.0,0.0,0.0
96,2022-02-05,25.0,0.0,0.0,1.0,0.0
97,2022-02-06,12.0,0.0,0.0,0.0,0.0
98,2022-02-07,4.0,0.0,0.0,0.0,0.0
99,2022-02-08,9.0,0.0,0.0,1.0,0.0
100,2022-02-09,0.0,0.0,0.0,0.0,0.0
101,2022-02-10,0.0,0.0,0.0,0.0,0.0
102,2022-02-11,0.0,0.0,0.0,0.0,0.0
103,2022-02-12,0.0,0.0,0.0,0.0,0.0
104,2022-02-13,0.0,0.0,0.0,0.0,0.0
105,2022-02-14,0.0,0.0,0.0,0.0,0.0
106,2022-02-15,0.0,0.0,0.0,0.0,0.0
107,2022-02-16,0.0,0.0,0.0,0.0,0.0
108,2022-02-17,0.0,0.0,0.0,0.0,0.0
109,2022-02-18,0.0,0.0,0.0,0.0,0.0
110,2022-02-19,0.0,0.0,0.0,0.0,0.0
111,2022-02-20,0.0,0.0,0.0,0.0,0.0
112,2022-02-21,0.0,0.0,0.0,0.0,0.0
113,2022-02-22,0.0,0.0,0.0,0.0,0.0
114,2022-02-23,0.0,0.0,0.0,0.0,0.0
115,2022-02-24,0.0,0.0,0.0,0.0,0.0
116,2022-02-25,0.0,0.0,0.0,0.0,0.0
117,2022-02-26,0.0,0.0,0.0,0.0,0.0
118,2022-02-27,0.0,0.0,0.0,0.0,0.0
119,2022-02-28,0.0,0.0,0.0,0.0,0.0
120,2022-03-01,0.0,0.0,0.0,0.0,0.0
121,2022-03-02,0.0,0.0,0.0,0.0,0.0
122,2022-03-03,0.0,0.0,0.0,0.0,0.0
123,2022-03-04,0.0,0.0,0.0,0.0,0.0
124,2022-03-05,0.0,0.0,0.0,0.0,0.0
125,2022-03-06,0.0,0.0,0.0,0.0,0.0
126,2022-03-07,0.0,0.0,0.0,0.0,0.0
127,2022-03-08,0.0,0.0,0.0,0.0,0.0
128,2022-03-09,0.0,0.0,0.0,0.0,0.0
129,2022-03-10,0.0,0.0,0.0,0.0,0.0
130,2022-03-11,0.0,0.0,0.0,0.0,0.0
131,2022-03-12,0.0,0.0,0.0,0.0,0.0
132,2022-03-13,0.0,0.0,0.0,0.0,0.0
133,2022-03-14,0.0,0.0,0.0,0.0,0.0
134,2022-03-15,0.0,0.0,0.0,0.0,0.0
135,2022-03-16,0.0,0.0,0.0,0.0,0.0
136,2022-03-17,0.0,0.0,0.0,0.0,0.0
137,2022-03-18,0.0,0.0,0.0,0.0,0.0
138,2022-03-19,0.0,0.0,0.0,0.0,0.0
139,2022-03-20,0.0,0.0,0.0,0.0,0.0
140,2022-03-21,0.0,0.0,0.0,0.0,0.0
141,2022-03-22,0.0,0.0,0.0,0.0,0.0
142,2022-03-23,0.0,0.0,0.0,0.0,0.0
143,2022-03-24,0.0,0.0,0.0,0.0,0.0
144,2022-03-25,0.0,0.0,0.0,0.0,0.0
145,2022-03-26,0.0,0.0,0.0,0.0,0.0
146,2022-03-27,0.0,0.0,0.0,0.0,0.0
147,2022-03-28,0.0,0.0,0.0,0.0,0.0
148,2022-03-29,0.0,0.0,0.0,0.0,0.0
149,2022-03-30,0.0,0.0,0.0,0.0,0.0
150,2022-03-31,5.0,0.0,0.0,0.0,0.0
151,2022-04-01,0.0,0.0,0.0,0.0,0.0
152,2022-04-02,0.0,0.0,0.0,0.0,0.0
153,2022-04-03,0.0,0.0,0.0,0.0,0.0
154,2022-04-04,0.0,0.0,0.0,0.0,0.0
155,2022-04-05,0.0,0.0,0.0,0.0,0.0
156,2022-04-06,0.0,0.0,0.0,0.0,0.0
157,2022-04-07,0.0,0.0,0.0,0.0,0.0
158,2022-04-08,0.0,0.0,0.0,0.0,0.0
159,2022-04-09,0.0,0.0,0.0,0.0,0.0
160,2022-04-10,0.0,0.0,0.0,0.0,0.0
161,2022-04-11,0.0,0.0,0.0,0.0,0.0
162,2022-04-12,0.0,0.0,0.0,0.0,0.0
163,2022-04-13,0.0,0.0,0.0,0.0,0.0
164,2022-04-14,0.0,0.0,0.0,0.0,0.0
165,2022-04-15,0.0,0.0,0.0,0.0,0.0
166,2022-04-16,0.0,0.0,0.0,0.0,0.0
167,2022-04-17,0.0,0.0,0.0,0.0,0.0
168,2022-04-18,0.0,0.0,0.0,0.0,0.0
169,2022-04-19,0.0,0.0,0.0,0.0,0.0
170,2022-04-20,0.0,0.0,0.0,0.0,0.0
171,2022-04-21,0.0,0.0,0.0,0.0,0.0
172,2022-04-22,0.0,0.0,0.0,0.0,0.0
173,2022-04-23,0.0,0.0,0.0,0.0,0.0
174,2022-04-24,0.0,0.0,0.0,0.0,0.0
175,2022-04-25,0.0,0.0,0.0,0.0,0.0
176,2022-04-26,0.0,0.0,0.0,0.0,0.0
177,2022-04-27,0.0,0.0,0.0,0.0,0.0
178,2022-04-28,0.0,0.0,0.0,0.0,0.0
179,2022-04-29,0.0,0.0,0.0,0.0,0.0
180,2022-04-30,0.0,0.0,0.0,0.0,0.0
181,2022-05-01,0.0,0.0,0.0,0.0,0.0
182,2022-05-02,0.0,0.0,0.0,0.0,0.0
183,2022-05-03,0.0,0.0,0.0,0.0,0.0
184,2022-05-04,0.0,0.0,0.0,0.0,0.0
185,2022-05-05,0.0,0.0,0.0,0.0,0.0
186,2022-05-06,1.0,0.0,0.0,0.0,0.0
187,2022-05-07,0.0,0.0,0.0,0.0,0.0
188,2022-05-08,0.0,0.0,0.0,0.0,0.0
189,2022-05-09,0.0,0.0,0.0,0.0,0.0
190,2022-05-10,0.0,0.0,0.0,0.0,0.0
191,2022-05-11,0.0,0.0,0.0,0.0,0.0
192,2022-05-12,0.0,0.0,0.0,0.0,0.0
193,2022-05-13,0.0,0.0,0.0,0.0,0.0
194,2022-05-14,1.0,0.0,0.0,0.0,0.0
195,2022-05-15,0.0,0.0,0.0,0.0,0.0
196,2022-05-16,0.0,0.0,0.0,0.0,0.0
197,2022-05-17,0.0,0.0,0.0,0.0,0.0
198,2022-05-18,0.0,0.0,0.0,0.0,0.0
199,2022-05-19,0.0,0.0,0.0,0.0,0.0
200,2022-05-20,0.0,0.0,0.0,0.0,0.0
201,2022-05-21,0.0,0.0,0.0,0.0,0.0
202,2022-05-22,0.0,0.0,0.0,0.0,0.0
203,2022-05-23,0.0,0.0,0.0,0.0,0.0
204,2022-05-24,0.0,0.0,0.0,0.0,0.0
205,2022-05-25,0.0,0.0,0.0,0.0,0.0
206,2022-05-26,0.0,0.0,0.0,0.0,0.0
207,2022-05-27,0.0,0.0,0.0,0.0,0.0
208,2022-05-28,0.0,0.0,0.0,0.0,0.0
209,2022-05-29,0.0,0.0,0.0,0.0,0.0
210,2022-05-30,0.0,0.0,0.0,0.0,0.0
211,2022-05-31,0.0,0.0,0.0,0.0,0.0
212,2022-06-01,0.0,0.0,0.0,0.0,0.0
213,2022-06-02,0.0,0.0,0.0,0.0,0.0
214,2022-06-03,0.0,0.0,0.0,0.0,0.0
215,2022-06-04,0.0,0.0,0.0,0.0,0.0
216,2022-06-05,0.0,0.0,0.0,0.0,0.0
217,2022-06-06,0.0,0.0,0.0,0.0,0.0
218,2022-06-07,0.0,0.0,0.0,0.0,0.0
219,2022-06-08,0.0,0.0,0.0,0.0,0.0
220,2022-06-09,0.0,0.0,0.0,0.0,0.0
221,2022-06-10,0.0,0.0,0.0,0.0,0.0
222,2022-06-11,0.0,0.0,0.0,0.0,0.0
223,2022-06-12,0.0,0.0,0.0,0.0,0.0
224,2022-06-13,0.0,0.0,0.0,0.0,0.0
225,2022-06-14,0.0,0.0,0.0,0.0,0.0
226,2022-06-15,0.0,0.0,0.0,0.0,0.0
227,2022-06-16,0.0,0.0,0.0,0.0,0.0
228,2022-06-17,0.0,0.0,0.0,0.0,0.0
229,2022-06-18,0.0,0.0,0.0,0.0,0.0
230,2022-06-19,0.0,0.0,0.0,0.0,0.0
231,2022-06-20,0.0,0.0,0.0,0.0,0.0
232,2022-06-21,0.0,0.0,0.0,0.0,0.0
233,2022-06-22,0.0,0.0,0.0,0.0,0.0
234,2022-06-23,0.0,0.0,0.0,0.0,0.0
235,2022-06-24,0.0,0.0,0.0,0.0,0.0
236,2022-06-25,0.0,0.0,0.0,0.0,0.0
237,2022-06-26,0.0,0.0,0.0,0.0,0.0
238,2022-06-27,0.0,0.0,0.0,0.0,0.0
239,2022-06-28,0.0,0.0,0.0,0.0,0.0
240,2022-06-29,0.0,0.0,0.0,0.0,0.0
241,2022-06-30,0.0,0.0,0.0,0.0,0.0
242,2022-07-01,0.0,0.0,0.0,0.0,0.0
243,2022-07-02,0.0,0.0,0.0,0.0,0.0
244,2022-07-03,0.0,0.0,0.0,0.0,0.0
245,2022-07-04,0.0,0.0,0.0,0.0,0.0
246,2022-07-05,0.0,0.0,0.0,0.0,0.0
247,2022-07-06,0.0,0.0,0.0,0.0,0.0
248,2022-07-07,0.0,0.0,0.0,0.0,0.0
249,2022-07-08,0.0,0.0,0.0,0.0,0.0
250,2022-07-09,0.0,0.0,0.0,0.0,0.0
251,2022-07-10,0.0,0.0,0.0,0.0,0.0
252,2022-07-11,0.0,0.0,0.0,0.0,0.0
253,2022-07-12,0.0,0.0,0.0,0.0,0.0
254,2022-07-13,0.0,0.0,0.0,0.0,0.0
255,2022-07-14,0.0,0.0,0.0,0.0,0.0
256,2022-07-15,0.0,0.0,0.0,0.0,0.0
257,2022-07-16,0.0,0.0,0.0,0.0,0.0
258,2022-07-17,0.0,0.0,0.0,0.0,0.0
259,2022-07-18,0.0,0.0,0.0,0.0,0.0
260,2022-07-19,0.0,0.0,0.0,0.0,0.0
261,2022-07-20,0.0,0.0,0.0,0.0,0.0
262,2022-07-21,0.0,0.0,0.0,0.0,0.0
263,2022-07-22,0.0,0.0,0.0,0.0,0.0
264,2022-07-23,0.0,0.0,0.0,0.0,0.0
265,2022-07-24,0.0,0.0,0.0,0.0,0.0
266,2022-07-25,0.0,0.0,0.0,0.0,0.0
267,2022-07-26,0.0,0.0,0.0,0.0,0.0
268,2022-07-27,0.0,0.0,0.0,0.0,0.0
269,2022-07-28,0.0,0.0,0.0,0.0,0.0
270,2022-07-29,0.0,0.0,0.0,0.0,0.0
271,2022-07-30,0.0,0.0,0.0,0.0,0.0
272,2022-07-31,0.0,0.0,0.0,0.0,0.0
273,2022-08-01,0.0,0.0,0.0,0.0,0.0
274,2022-08-02,0.0,0.0,0.0,0.0,0.0
275,2022-08-03,0.0,0.0,0.0,0.0,0.0
276,2022-08-04,0.0,0.0,0.0,0.0,0.0
277,2022-08-05,0.0,0.0,0.0,0.0,0.0
278,2022-08-06,0.0,0.0,0.0,0.0,0.0
279,2022-08-07,0.0,0.0,0.0,0.0,0.0
280,2022-08-08,0.0,0.0,0.0,0.0,0.0
281,2022-08-09,0.0,0.0,0.0,0.0,0.0
282,2022-08-10,0.0,0.0,0.0,0.0,0.0
283,2022-08-11,0.0,0.0,0.0,0.0,0.0
284,2022-08-12,0.0,0.0,0.0,0.0,0.0
285,2022-08-13,0.0,0.0,0.0,0.0,0.0
286,2022-08-14,1.0,0.0,0.0,0.0,0.0
287,2022-08-15,0.0,0.0,0.0,0.0,0.0
288,2022-08-16,0.0,0.0,0.0,0.0,0.0
289,2022-08-17,0.0,0.0,0.0,0.0,0.0
290,2022-08-18,0.0,0.0,0.0,0.0,0.0
291,2022-08-19,0.0,0.0,0.0,0.0,0.0
292,2022-08-20,0.0,0.0,0.0,0.0,0.0
293,2022-08-21,0.0,0.0,0.0,0.0,0.0
294,2022-08-22,1.0,0.0,0.0,0.0,0.0
295,2022-08-23,0.0,0.0,0.0,0.0,0.0
296,2022-08-24,4.0,0.0,0.0,0.0,0.0
297,2022-08-25,7.0,0.0,0.0,0.0,0.0
298,2022-08-26,3.0,0.0,0.0,0.0,0.0
299,2022-08-27,1.0,0.0,0.0,0.0,0.0
300,2022-08-28,4.0,0.0,0.0,0.0,0.0
301,2022-08-29,1.0,0.0,0.0,1.0,0.0
302,2022-08-30,2.0,0.0,0.0,0.0,0.0
303,2022-08-31,1.0,0.0,0.0,0.0,0.0
304,2022-09-01,2.0,0.0,0.0,0.0,0.0
305,2022-09-02,1.0,0.0,0.0,0.0,0.0
306,2022-09-03,2.0,0.0,0.0,0.0,0.0
307,2022-09-04,1.0,0.0,0.0,0.0,0.0
308,2022-09-05,1.0,0.0,0.0,0.0,0.0
309,2022-09-06,1.0,0.0,0.0,0.0,0.0
310,2022-09-07,1.0,0.0,0.0,0.0,0.0
311,2022-09-08,2.0,0.0,0.0,0.0,0.0
312,2022-09-09,1.0,0.0,0.0,0.0,0.0
313,2022-09-10,1.0,0.0,0.0,0.0,0.0
314,2022-09-11,2.0,0.0,0.0,0.0,0.0
315,2022-09-12,5.0,0.0,0.0,0.0,0.0
316,2022-09-13,3.0,0.0,0.0,2.0,0.0
317,2022-09-14,1.0,0.0,0.0,1.0,0.0
318,2022-09-15,22.0,0.0,0.0,3.0,0.0
319,2022-09-16,2.0,0.0,0.0,0.0,0.0
320,2022-09-17,7.0,0.0,0.0,1.0,0.0
321,2022-09-18,8.0,0.0,0.0,1.0,0.0
322,2022-09-19,7.0,0.0,0.0,0.0,1.0
323,2022-09-20,10.0,0.0,0.0,0.0,0.0
324,2022-09-21,4.0,0.0,0.0,0.0,0.0
325,2022-09-22,9.0,1.0,0.0,1.0,0.0
326,2022-09-23,3.0,0.0,0.0,0.0,0.0
327,2022-09-24,7.0,0.0,0.0,0.0,0.0
328,2022-09-25,5.0,0.0,0.0,0.0,0.0
329,2022-09-26,9.0,0.0,0.0,0.0,0.0
330,2022-09-27,3.0,0.0,0.0,0.0,0.0
331,2022-09-28,3.0,0.0,0.0,1.0,1.0
332,2022-09-29,6.0,0.0,0.0,2.0,0.0
333,2022-09-30,2.0,0.0,0.0,0.0,0.0
334,2022-10-01,1.0,0.0,0.0,0.0,0.0
335,2022-10-02,4.0,0.0,0.0,0.0,0.0
336,2022-10-03,3.0,0.0,0.0,0.0,0.0
337,2022-10-04,3.0,0.0,0.0,0.0,0.0
338,2022-10-05,7.0,0.0,0.0,0.0,0.0
339,2022-10-06,12.0,0.0,0.0,0.0,0.0
340,2022-10-07,8.0,0.0,0.0,0.0,0.0
341,2022-10-08,8.0,0.0,0.0,0.0,0.0
342,2022-10-09,4.0,0.0,0.0,0.0,0.0
343,2022-10-10,6.0,0.0,0.0,0.0,0.0
344,2022-10-11,7.0,0.0,0.0,1.0,0.0
345,2022-10-12,20.0,0.0,0.0,1.0,0.0
346,2022-10-13,11.0,0.0,0.0,1.0,0.0
347,2022-10-14,10.0,2.0,0.0,2.0,0.0
348,2022-10-15,13.0,0.0,0.0,5.0,0.0
349,2022-10-16,15.0,0.0,0.0,1.0,0.0
350,2022-10-17,7.0,0.0,0.0,2.0,0.0
351,2022-10-18,6.0,0.0,0.0,0.0,0.0
352,2022-10-19,5.0,0.0,0.0,3.0,0.0
353,2022-10-20,12.0,0.0,0.0,2.0,0.0
354,2022-10-21,4.0,0.0,0.0,0.0,0.0
355,2022-10-22,11.0,0.0,0.0,3.0,0.0
356,2022-10-23,4.0,0.0,0.0,0.0,0.0
357,2022-10-24,9.0,0.0,0.0,0.0,0.0
358,2022-10-25,11.0,0.0,0.0,0.0,0.0
359,2022-10-26,11.0,0.0,0.0,1.0,0.0
360,2022-10-27,9.0,0.0,0.0,0.0,0.0
361,2022-10-28,5.0,0.0,0.0,0.0,0.0
362,2022-10-29,10.0,0.0,0.0,0.0,0.0
363,2022-10-30,5.0,0.0,0.0,0.0,0.0
364,2022-10-31,7.0,0.0,0.0,0.0,0.0
365,2022-11-01,2.0,0.0,0.0,0.0,0.0
366,2022-11-02,8.0,0.0,0.0,0.0,0.0
367,2022-11-03,16.0,0.0,0.0,2.0,0.0
368,2022-11-04,7.0,0.0,0.0,0.0,0.0
369,2022-11-05,54.0,0.0,0.0,2.0,0.0
370,2022-11-06,11.0,0.0,0.0,2.0,0.0
371,2022-11-07,9.0,0.0,0.0,0.0,0.0
372,2022-11-08,3.0,0.0,0.0,0.0,0.0
373,2022-11-09,4.0,0.0,0.0,1.0,0.0
374,2022-11-10,2.0,0.0,0.0,0.0,0.0
375,2022-11-11,8.0,0.0,0.0,0.0,0.0
376,2022-11-12,10.0,0.0,0.0,0.0,0.0
377,2022-11-13,5.0,0.0,0.0,0.0,0.0
378,2022-11-14,9.0,0.0,0.0,0.0,0.0
379,2022-11-15,9.0,0.0,0.0,0.0,0.0
380,2022-11-16,11.0,0.0,0.0,0.0,0.0
381,2022-11-17,3.0,0.0,0.0,0.0,0.0
382,2022-11-18,59.0,0.0,0.0,2.0,0.0
383,2022-11-19,11.0,0.0,0.0,2.0,0.0
384,2022-11-20,6.0,0.0,0.0,1.0,0.0
385,2022-11-21,9.0,0.0,0.0,0.0,0.0
386,2022-11-22,8.0,0.0,0.0,0.0,0.0
387,2022-11-23,4.0,0.0,0.0,0.0,0.0
388,2022-11-24,19.0,0.0,0.0,0.0,0.0
389,2022-11-25,7.0,0.0,0.0,0.0,0.0
390,2022-11-26,4.0,0.0,0.0,0.0,0.0
391,2022-11-27,5.0,0.0,0.0,0.0,0.0
392,2022-11-28,4.0,0.0,0.0,0.0,0.0
393,2022-11-29,7.0,0.0,0.0,0.0,0.0
394,2022-11-30,4.0,0.0,0.0,0.0,0.0
395,2022-12-01,33.0,0.0,0.0,1.0,0.0
396,2022-12-02,14.0,0.0,0.0,1.0,0.0
397,2022-12-03,13.0,0.0,0.0,4.0,0.0
398,2022-12-04,7.0,0.0,0.0,0.0,0.0
399,2022-12-05,4.0,0.0,0.0,0.0,0.0
400,2022-12-06,7.0,0.0,0.0,1.0,0.0
401,2022-12-07,5.0,0.0,0.0,0.0,0.0
402,2022-12-08,3.0,0.0,0.0,0.0,0.0
403,2022-12-09,3.0,0.0,0.0,0.0,0.0
404,2022-12-10,7.0,0.0,0.0,0.0,0.0
405,2022-12-11,5.0,0.0,0.0,1.0,0.0
406,2022-12-12,3.0,0.0,0.0,0.0,0.0
407,2022-12-13,8.0,0.0,0.0,0.0,0.0
408,2022-12-14,5.0,0.0,0.0,0.0,0.0
409,2022-12-15,3.0,0.0,0.0,1.0,0.0
410,2022-12-16,5.0,0.0,0.0,0.0,0.0
411,2022-12-17,7.0,0.0,0.0,0.0,0.0
412,2022-12-18,3.0,0.0,0.0,0.0,0.0
413,2022-12-19,2.0,0.0,0.0,0.0,0.0
414,2022-12-20,2.0,0.0,0.0,1.0,0.0
415,2022-12-21,7.0,0.0,0.0,1.0,0.0
416,2022-12-22,3.0,0.0,0.0,0.0,0.0
417,2022-12-23,7.0,0.0,0.0,0.0,0.0
418,2022-12-24,4.0,0.0,0.0,0.0,0.0
419,2022-12-25,3.0,0.0,0.0,0.0,0.0
420,2022-12-26,6.0,0.0,0.0,1.0,0.0
421,2022-12-27,6.0,0.0,0.0,0.0,0.0
422,2022-12-28,4.0,0.0,0.0,1.0,0.0
423,2022-12-29,8.0,0.0,0.0,0.0,0.0
424,2022-12-30,6.0,0.0,0.0,0.0,0.0
425,2022-12-31,6.0,0.0,0.0,0.0,0.0
426,2023-01-01,7.0,0.0,0.0,0.0,0.0
427,2023-01-02,3.0,0.0,0.0,0.0,0.0
428,2023-01-03,6.0,0.0,0.0,0.0,0.0
429,2023-01-04,4.0,0.0,0.0,0.0,0.0
430,2023-01-05,9.0,0.0,0.0,2.0,0.0
431,2023-01-06,7.0,0.0,0.0,0.0,0.0
432,2023-01-07,4.0,0.0,0.0,0.0,0.0
433,2023-01-08,5.0,0.0,0.0,1.0,0.0
434,2023-01-09,2.0,0.0,0.0,0.0,0.0
435,2023-01-10,7.0,0.0,0.0,0.0,0.0
436,2023-01-11,5.0,0.0,0.0,2.0,0.0
437,2023-01-12,9.0,0.0,0.0,0.0,0.0
438,2023-01-13,5.0,0.0,0.0,0.0,0.0
439,2023-01-14,8.0,0.0,0.0,1.0,0.0
440,2023-01-15,8.0,0.0,0.0,1.0,0.0
441,2023-01-16,4.0,0.0,0.0,0.0,0.0
442,2023-01-17,21.0,0.0,0.0,2.0,0.0
443,2023-01-18,6.0,0.0,0.0,2.0,1.0
444,2023-01-19,8.0,0.0,0.0,2.0,0.0
445,2023-01-20,2.0,0.0,0.0,0.0,0.0
446,2023-01-21,13.0,0.0,0.0,1.0,0.0
447,2023-01-22,9.0,0.0,0.0,1.0,0.0
448,2023-01-23,6.0,0.0,0.0,1.0,0.0
449,2023-01-24,3.0,0.0,0.0,0.0,0.0
450,2023-01-25,7.0,0.0,0.0,1.0,0.0
451,2023-01-26,6.0,0.0,0.0,1.0,0.0
452,2023-01-27,6.0,0.0,0.0,2.0,0.0
453,2023-01-28,9.0,0.0,0.0,1.0,0.0
454,2023-01-29,9.0,0.0,0.0,2.0,0.0
455,2023-01-30,6.0,0.0,0.0,1.0,0.0
456,2023-01-31,4.0,0.0,0.0,1.0,0.0
457,2023-02-01,11.0,0.0,0.0,1.0,0.0
458,2023-02-02,10.0,0.0,0.0,0.0,0.0
459,2023-02-03,6.0,0.0,0.0,0.0,0.0
460,2023-02-04,10.0,0.0,0.0,1.0,0.0
461,2023-02-05,12.0,0.0,0.0,1.0,0.0
462,2023-02-06,7.0,0.0,0.0,0.0,0.0
463,2023-02-07,12.0,0.0,0.0,3.0,0.0
464,2023-02-08,9.0,0.0,0.0,0.0,0.0
465,2023-02-09,8.0,0.0,0.0,0.0,0.0
466,2023-02-10,6.0,0.0,0.0,0.0,0.0
467,2023-02-11,5.0,0.0,0.0,0.0,0.0
468,2023-02-12,5.0,0.0,0.0,1.0,0.0
469,2023-02-13,10.0,0.0,0.0,0.0,0.0
470,2023-02-14,13.0,0.0,0.0,0.0,0.0
471,2023-02-15,10.0,0.0,0.0,2.0,0.0
472,2023-02-16,9.0,0.0,0.0,1.0,0.0
473,2023-02-17,19.0,0.0,0.0,2.0,0.0
474,2023-02-18,13.0,1.0,0.0,0.0,0.0
475,2023-02-19,13.0,0.0,0.0,2.0,0.0
476,2023-02-20,4.0,0.0,0.0,0.0,0.0
477,2023-02-21,7.0,0.0,0.0,0.0,0.0
478,2023-02-22,9.0,0.0,0.0,2.0,0.0
479,2023-02-23,4.0,0.0,0.0,1.0,0.0
480,2023-02-24,8.0,0.0,0.0,0.0,1.0
481,2023-02-25,6.0,0.0,0.0,0.0,0.0
482,2023-02-26,29.0,0.0,0.0,1.0,1.0
483,2023-02-27,11.0,0.0,0.0,2.0,0.0
484,2023-02-28,12.0,0.0,0.0,0.0,0.0
485,2023-03-01,8.0,0.0,0.0,1.0,0.0
486,2023-03-02,0.0,0.0,0.0,0.0,0.0
487,2023-03-03,9.0,0.0,0.0,4.0,0.0
488,2023-03-04,12.0,0.0,0.0,1.0,0.0
489,2023-03-05,5.0,0.0,0.0,0.0,0.0
490,2023-03-06,7.0,0.0,0.0,0.0,0.0
491,2023-03-07,6.0,0.0,0.0,0.0,0.0
492,2023-03-08,9.0,0.0,0.0,0.0,0.0
493,2023-03-09,3.0,0.0,0.0,0.0,0.0
494,2023-03-10,6.0,0.0,0.0,1.0,0.0
495,2023-03-11,25.0,0.0,0.0,2.0,0.0
496,2023-03-12,3.0,1.0,0.0,0.0,0.0
497,2023-03-13,4.0,0.0,0.0,0.0,0.0
498,2023-03-14,4.0,0.0,0.0,0.0,0.0
499,2023-03-15,9.0,0.0,0.0,2.0,0.0
500,2023-03-16,22.0,0.0,0.0,2.0,0.0
501,2023-03-17,7.0,0.0,0.0,1.0,0.0
502,2023-03-18,9.0,0.0,0.0,2.0,1.0
503,2023-03-19,5.0,0.0,0.0,0.0,0.0
504,2023-03-20,10.0,0.0,0.0,0.0,0.0
505,2023-03-21,7.0,0.0,0.0,0.0,0.0
506,2023-03-22,4.0,0.0,0.0,0.0,0.0
507,2023-03-23,7.0,0.0,0.0,0.0,0.0
508,2023-03-24,4.0,0.0,0.0,0.0,0.0
509,2023-03-25,3.0,0.0,0.0,0.0,0.0
510,2023-03-26,8.0,0.0,0.0,1.0,0.0
511,2023-03-27,4.0,0.0,0.0,0.0,0.0
512,2023-03-28,3.0,0.0,0.0,0.0,0.0
513,2023-03-29,11.0,0.0,0.0,2.0,1.0
514,2023-03-30,8.0,0.0,0.0,2.0,0.0
515,2023-03-31,7.0,0.0,0.0,2.0,0.0
516,2023-04-01,8.0,1.0,0.0,1.0,0.0
517,2023-04-02,6.0,0.0,0.0,1.0,0.0
518,2023-04-03,2.0,0.0,0.0,0.0,0.0
519,2023-04-04,5.0,0.0,0.0,1.0,0.0
520,2023-04-05,4.0,0.0,0.0,0.0,0.0
521,2023-04-06,16.0,0.0,0.0,0.0,0.0
522,2023-04-07,14.0,0.0,0.0,0.0,0.0
523,2023-04-08,9.0,0.0,0.0,2.0,0.0
524,2023-04-09,9.0,0.0,0.0,1.0,0.0
525,2023-04-10,9.0,0.0,0.0,0.0,0.0
526,2023-04-11,17.0,0.0,0.0,3.0,0.0
527,2023-04-12,10.0,0.0,0.0,0.0,0.0
528,2023-04-13,6.0,0.0,0.0,1.0,0.0
529,2023-04-14,4.0,1.0,0.0,0.0,0.0
530,2023-04-15,3.0,0.0,0.0,0.0,0.0
531,2023-04-16,2.0,0.0,0.0,0.0,0.0
532,2023-04-17,6.0,0.0,0.0,0.0,0.0
533,2023-04-18,7.0,0.0,0.0,0.0,0.0
534,2023-04-19,3.0,0.0,0.0,0.0,0.0
535,2023-04-20,1.0,0.0,0.0,0.0,0.0
536,2023-04-21,9.0,0.0,0.0,3.0,0.0
537,2023-04-22,1.0,0.0,0.0,0.0,0.0
538,2023-04-23,7.0,0.0,0.0,1.0,0.0
539,2023-04-24,2.0,0.0,0.0,0.0,0.0
540,2023-04-25,7.0,0.0,0.0,0.0,1.0
541,2023-04-26,10.0,0.0,0.0,0.0,0.0
542,2023-04-27,20.0,0.0,0.0,0.0,0.0
543,2023-04-28,8.0,0.0,0.0,1.0,0.0
544,2023-04-29,5.0,0.0,0.0,1.0,0.0
545,2023-04-30,8.0,0.0,0.0,0.0,0.0
546,2023-05-01,3.0,0.0,0.0,0.0,0.0
547,2023-05-02,16.0,0.0,0.0,0.0,0.0
548,2023-05-03,7.0,0.0,0.0,1.0,0.0
549,2023-05-04,3.0,0.0,0.0,0.0,0.0
550,2023-05-05,10.0,0.0,0.0,0.0,0.0
551,2023-05-06,3.0,0.0,0.0,0.0,0.0
552,2023-05-07,5.0,0.0,0.0,0.0,0.0
553,2023-05-08,14.0,0.0,0.0,0.0,0.0
554,2023-05-09,6.0,0.0,0.0,0.0,0.0
555,2023-05-10,12.0,0.0,0.0,0.0,0.0
556,2023-05-11,6.0,0.0,0.0,0.0,0.0
557,2023-05-12,9.0,0.0,0.0,0.0,0.0
558,2023-05-13,4.0,0.0,0.0,0.0,0.0
559,2023-05-14,6.0,0.0,0.0,1.0,0.0
560,2023-05-15,4.0,0.0,0.0,1.0,0.0
561,2023-05-16,9.0,0.0,0.0,0.0,1.0
562,2023-05-17,11.0,0.0,0.0,0.0,0.0
563,2023-05-18,8.0,0.0,0.0,0.0,0.0
564,2023-05-19,10.0,0.0,0.0,1.0,0.0
565,2023-05-20,11.0,0.0,0.0,1.0,0.0
566,2023-05-21,18.0,0.0,0.0,0.0,0.0
567,2023-05-22,6.0,0.0,0.0,0.0,0.0
568,2023-05-23,33.0,0.0,0.0,0.0,0.0
569,2023-05-24,27.0,0.0,0.0,2.0,0.0
570,2023-05-25,14.0,1.0,0.0,0.0,0.0
571,2023-05-26,4.0,0.0,0.0,0.0,0.0
572,2023-05-27,7.0,0.0,0.0,0.0,0.0
573,2023-05-28,20.0,0.0,0.0,3.0,1.0
574,2023-05-29,8.0,0.0,0.0,0.0,0.0
575,2023-05-30,15.0,0.0,0.0,1.0,0.0
576,2023-05-31,10.0,0.0,0.0,0.0,0.0
577,2023-06-01,20.0,0.0,0.0,2.0,0.0
578,2023-06-02,15.0,0.0,0.0,2.0,0.0
579,2023-06-03,41.0,0.0,0.0,2.0,0.0
580,2023-06-04,23.0,0.0,0.0,2.0,0.0
581,2023-06-05,19.0,0.0,0.0,2.0,1.0
582,2023-06-06,15.0,0.0,0.0,1.0,0.0
583,2023-06-07,27.0,1.0,0.0,1.0,1.0
584,2023-06-08,13.0,0.0,0.0,2.0,0.0
585,2023-06-09,7.0,0.0,0.0,0.0,0.0
586,2023-06-10,14.0,0.0,0.0,0.0,1.0
587,2023-06-11,8.0,0.0,0.0,1.0,0.0
588,2023-06-12,5.0,0.0,0.0,0.0,0.0
589,2023-06-13,5.0,0.0,0.0,0.0,0.0
590,2023-06-14,5.0,0.0,0.0,0.0,0.0
591,2023-06-15,15.0,0.0,0.0,0.0,0.0
592,2023-06-16,5.0,0.0,0.0,0.0,0.0
593,2023-06-17,4.0,0.0,0.0,1.0,0.0
594,2023-06-18,7.0,0.0,0.0,0.0,0.0
595,2023-06-19,1.0,0.0,0.0,0.0,0.0
596,2023-06-20,5.0,0.0,0.0,0.0,0.0
597,2023-06-21,4.0,0.0,0.0,0.0,0.0
598,2023-06-22,3.0,0.0,0.0,0.0,0.0
599,2023-06-23,5.0,0.0,0.0,0.0,0.0
600,2023-06-24,6.0,0.0,0.0,0.0,0.0
601,2023-06-25,9.0,0.0,0.0,0.0,0.0
602,2023-06-26,8.0,0.0,0.0,1.0,0.0
603,2023-06-27,8.0,0.0,0.0,0.0,0.0
604,2023-06-28,11.0,0.0,0.0,3.0,0.0
605,2023-06-29,12.0,0.0,0.0,3.0,0.0
606,2023-06-30,3.0,0.0,0.0,0.0,0.0
607,2023-07-01,4.0,0.0,0.0,1.0,0.0
608,2023-07-02,5.0,0.0,0.0,1.0,0.0
609,2023-07-03,4.0,0.0,0.0,0.0,0.0
610,2023-07-04,2.0,0.0,0.0,0.0,1.0
611,2023-07-05,8.0,0.0,0.0,1.0,0.0
612,2023-07-06,13.0,0.0,0.0,0.0,0.0
613,2023-07-07,7.0,0.0,0.0,0.0,0.0
614,2023-07-08,3.0,1.0,0.0,0.0,0.0
615,2023-07-09,7.0,1.0,0.0,0.0,0.0
616,2023-07-10,4.0,0.0,0.0,0.0,0.0
617,2023-07-11,7.0,0.0,0.0,0.0,0.0
618,2023-07-12,7.0,0.0,0.0,0.0,0.0
619,2023-07-13,4.0,0.0,0.0,0.0,0.0
620,2023-07-14,6.0,1.0,0.0,0.0,0.0
621,2023-07-15,11.0,0.0,0.0,1.0,0.0
622,2023-07-16,5.0,0.0,0.0,1.0,0.0
623,2023-07-17,15.0,1.0,0.0,0.0,0.0
624,2023-07-18,6.0,1.0,0.0,0.0,0.0
625,2023-07-19,6.0,0.0,0.0,0.0,0.0
626,2023-07-20,11.0,0.0,0.0,0.0,0.0
627,2023-07-21,14.0,0.0,0.0,0.0,0.0
628,2023-07-22,9.0,0.0,0.0,0.0,0.0
629,2023-07-23,17.0,0.0,0.0,0.0,0.0
630,2023-07-24,58.0,0.0,0.0,1.0,0.0
631,2023-07-25,10.0,0.0,0.0,0.0,0.0
632,2023-07-26,4.0,0.0,0.0,1.0,0.0
633,2023-07-27,4.0,0.0,0.0,0.0,0.0
634,2023-07-28,9.0,0.0,0.0,0.0,0.0
635,2023-07-29,6.0,0.0,0.0,0.0,0.0
636,2023-07-30,16.0,0.0,0.0,2.0,0.0
637,2023-07-31,9.0,0.0,0.0,1.0,1.0
638,2023-08-01,4.0,0.0,0.0,0.0,0.0
639,2023-08-02,13.0,0.0,0.0,1.0,1.0
640,2023-08-03,3.0,0.0,0.0,0.0,0.0
641,2023-08-04,13.0,0.0,0.0,3.0,0.0
642,2023-08-05,11.0,1.0,0.0,1.0,0.0
643,2023-08-06,5.0,0.0,0.0,1.0,0.0
644,2023-08-07,4.0,0.0,0.0,1.0,0.0
645,2023-08-08,4.0,0.0,0.0,0.0,0.0
646,2023-08-09,2.0,0.0,0.0,0.0,0.0
647,2023-08-10,4.0,0.0,0.0,1.0,0.0
648,2023-08-11,5.0,0.0,0.0,0.0,0.0
649,2023-08-12,6.0,0.0,0.0,2.0,0.0
650,2023-08-13,7.0,0.0,0.0,0.0,0.0
651,2023-08-14,5.0,0.0,0.0,0.0,0.0
652,2023-08-15,8.0,0.0,0.0,0.0,0.0
653,2023-08-16,6.0,0.0,0.0,0.0,0.0
654,2023-08-17,5.0,1.0,0.0,0.0,0.0
655,2023-08-18,14.0,0.0,0.0,1.0,0.0
656,2023-08-19,13.0,0.0,0.0,0.0,0.0
657,2023-08-20,16.0,0.0,0.0,0.0,0.0
658,2023-08-21,5.0,0.0,0.0,0.0,0.0
659,2023-08-22,6.0,0.0,0.0,0.0,0.0
660,2023-08-23,12.0,0.0,0.0,0.0,0.0
661,2023-08-24,4.0,0.0,0.0,1.0,0.0
662,2023-08-25,3.0,0.0,0.0,0.0,0.0
663,2023-08-26,5.0,0.0,0.0,0.0,0.0
664,2023-08-27,5.0,0.0,0.0,1.0,0.0
665,2023-08-28,15.0,0.0,0.0,1.0,0.0
666,2023-08-29,6.0,0.0,0.0,0.0,0.0
667,2023-08-30,7.0,1.0,0.0,0.0,0.0
668,2023-08-31,4.0,1.0,0.0,1.0,0.0
669,2023-09-01,3.0,1.0,0.0,0.0,0.0
670,2023-09-02,2.0,1.0,0.0,0.0,0.0
671,2023-09-03,3.0,0.0,0.0,0.0,0.0
672,2023-09-04,1.0,0.0,0.0,0.0,0.0
673,2023-09-05,8.0,1.0,0.0,1.0,0.0
674,2023-09-06,6.0,1.0,0.0,0.0,0.0
675,2023-09-07,8.0,1.0,0.0,0.0,0.0
676,2023-09-08,13.0,0.0,0.0,0.0,0.0
677,2023-09-09,19.0,0.0,0.0,2.0,0.0
678,2023-09-10,7.0,0.0,0.0,1.0,0.0
679,2023-09-11,4.0,1.0,0.0,1.0,0.0
680,2023-09-12,2.0,0.0,0.0,0.0,0.0
681,2023-09-13,4.0,0.0,0.0,1.0,0.0
682,2023-09-14,14.0,1.0,0.0,1.0,0.0
683,2023-09-15,20.0,0.0,0.0,2.0,0.0
684,2023-09-16,5.0,1.0,0.0,1.0,0.0
685,2023-09-17,2.0,1.0,0.0,0.0,0.0
686,2023-09-18,8.0,0.0,0.0,0.0,0.0
687,2023-09-19,1.0,1.0,0.0,0.0,0.0
688,2023-09-20,8.0,0.0,0.0,1.0,0.0
689,2023-09-21,19.0,0.0,0.0,5.0,0.0
690,2023-09-22,5.0,0.0,0.0,0.0,0.0
691,2023-09-23,8.0,0.0,0.0,0.0,0.0
692,2023-09-24,9.0,0.0,0.0,1.0,0.0
693,2023-09-25,5.0,1.0,0.0,0.0,0.0
694,2023-09-26,3.0,0.0,0.0,0.0,0.0
695,2023-09-27,4.0,0.0,0.0,0.0,0.0
696,2023-09-28,2.0,1.0,0.0,0.0,0.0
697,2023-09-29,10.0,0.0,0.0,1.0,0.0
698,2023-09-30,9.0,1.0,0.0,0.0,0.0
699,2023-10-01,4.0,1.0,0.0,1.0,0.0
700,2023-10-02,2.0,0.0,0.0,0.0,0.0
701,2023-10-03,1.0,1.0,0.0,0.0,0.0
702,2023-10-04,2.0,1.0,0.0,0.0,0.0
703,2023-10-05,2.0,1.0,0.0,0.0,0.0
704,2023-10-06,4.0,1.0,0.0,1.0,0.0
705,2023-10-07,5.0,1.0,0.0,1.0,0.0
706,2023-10-08,2.0,1.0,0.0,0.0,0.0
707,2023-10-09,7.0,1.0,0.0,0.0,0.0
708,2023-10-10,9.0,1.0,0.0,0.0,0.0
709,2023-10-11,5.0,1.0,0.0,1.0,0.0
710,2023-10-12,7.0,1.0,0.0,3.0,0.0
711,2023-10-13,8.0,0.0,0.0,1.0,0.0
712,2023-10-14,3.0,1.0,0.0,0.0,0.0
713,2023-10-15,3.0,1.0,0.0,0.0,0.0
714,2023-10-16,4.0,1.0,0.0,0.0,0.0
715,2023-10-17,8.0,0.0,0.0,0.0,0.0
716,2023-10-18,4.0,1.0,0.0,0.0,0.0
717,2023-10-19,13.0,0.0,0.0,2.0,0.0
718,2023-10-20,5.0,1.0,0.0,0.0,0.0
719,2023-10-21,12.0,1.0,0.0,0.0,0.0
720,2023-10-22,9.0,1.0,0.0,1.0,0.0
721,2023-10-23,7.0,1.0,0.0,0.0,0.0
722,2023-10-24,10.0,1.0,0.0,0.0,0.0
723,2023-10-25,10.0,1.0,0.0,0.0,0.0
724,2023-10-26,2.0,1.0,0.0,1.0,0.0
725,2023-10-27,5.0,1.0,0.0,0.0,0.0
726,2023-10-28,8.0,1.0,0.0,0.0,0.0
727,2023-10-29,12.0,0.0,0.0,0.0,0.0
728,2023-10-30,13.0,1.0,0.0,0.0,0.0
729,2023-10-31,18.0,0.0,0.0,0.0,1.0
730,2023-11-01,8.0,0.0,0.0,1.0,0.0
731,2023-11-02,9.0,0.0,0.0,1.0,0.0
732,2023-11-03,8.0,1.0,0.0,0.0,0.0
733,2023-11-04,10.0,1.0,0.0,0.0,0.0
734,2023-11-05,6.0,0.0,0.0,0.0,0.0
735,2023-11-06,7.0,1.0,0.0,1.0,0.0
736,2023-11-07,6.0,1.0,0.0,0.0,0.0
737,2023-11-08,5.0,1.0,0.0,0.0,0.0
738,2023-11-09,8.0,0.0,0.0,0.0,0.0
739,2023-11-10,8.0,0.0,0.0,0.0,0.0
740,2023-11-11,4.0,1.0,0.0,0.0,0.0
741,2023-11-12,5.0,1.0,0.0,1.0,0.0
742,2023-11-13,10.0,1.0,0.0,0.0,1.0
743,2023-11-14,6.0,0.0,0.0,1.0,0.0
744,2023-11-15,9.0,0.0,0.0,1.0,0.0
745,2023-11-16,35.0,0.0,0.0,0.0,0.0
746,2023-11-17,2.0,0.0,0.0,0.0,0.0
747,2023-11-18,9.0,0.0,0.0,1.0,0.0
748,2023-11-19,4.0,0.0,0.0,0.0,0.0
749,2023-11-20,7.0,1.0,0.0,0.0,0.0
750,2023-11-21,3.0,0.0,0.0,0.0,0.0
751,2023-11-22,4.0,0.0,0.0,0.0,0.0
752,2023-11-23,13.0,0.0,0.0,0.0,0.0
753,2023-11-24,2.0,1.0,0.0,0.0,0.0
754,2023-11-25,6.0,0.0,0.0,0.0,0.0
755,2023-11-26,5.0,1.0,0.0,0.0,0.0
756,2023-11-27,8.0,0.0,0.0,0.0,0.0
757,2023-11-28,5.0,0.0,0.0,0.0,0.0
758,2023-11-29,6.0,1.0,0.0,0.0,0.0
759,2023-11-30,15.0,0.0,0.0,1.0,0.0
760,2023-12-01,9.0,0.0,0.0,0.0,0.0
761,2023-12-02,9.0,1.0,0.0,0.0,1.0
762,2023-12-03,4.0,0.0,0.0,0.0,0.0
763,2023-12-04,7.0,0.0,0.0,0.0,0.0
764,2023-12-05,27.0,0.0,0.0,0.0,0.0
765,2023-12-06,4.0,0.0,0.0,0.0,0.0
766,2023-12-07,8.0,0.0,0.0,0.0,0.0
767,2023-12-08,8.0,0.0,0.0,0.0,0.0
768,2023-12-09,16.0,0.0,0.0,0.0,0.0
769,2023-12-10,42.0,0.0,0.0,0.0,0.0
770,2023-12-11,6.0,0.0,0.0,0.0,0.0
771,2023-12-12,4.0,1.0,0.0,0.0,0.0
772,2023-12-13,6.0,1.0,0.0,0.0,0.0
773,2023-12-14,15.0,1.0,0.0,0.0,0.0
774,2023-12-15,11.0,0.0,0.0,1.0,0.0
775,2023-12-16,3.0,1.0,0.0,0.0,0.0
776,2023-12-17,16.0,1.0,0.0,0.0,0.0
777,2023-12-18,4.0,1.0,0.0,0.0,0.0
778,2023-12-19,7.0,1.0,0.0,0.0,0.0
779,2023-12-20,10.0,0.0,0.0,1.0,0.0
780,2023-12-21,7.0,1.0,0.0,1.0,0.0
781,2023-12-22,24.0,1.0,0.0,4.0,0.0
782,2023-12-23,4.0,1.0,0.0,2.0,0.0
783,2023-12-24,19.0,1.0,0.0,1.0,0.0
784,2023-12-25,18.0,1.0,0.0,2.0,0.0
785,2023-12-26,5.0,1.0,0.0,0.0,1.0
786,2023-12-27,4.0,0.0,0.0,0.0,0.0
787,2023-12-28,9.0,1.0,0.0,0.0,0.0
788,2023-12-29,11.0,1.0,0.0,2.0,0.0
789,2023-12-30,7.0,0.0,0.0,0.0,0.0
790,2023-12-31,8.0,1.0,0.0,0.0,0.0
791,2024-01-01,7.0,0.0,0.0,0.0,0.0
792,2024-01-02,12.0,0.0,0.0,0.0,1.0
793,2024-01-03,9.0,0.0,0.0,1.0,0.0
794,2024-01-04,9.0,0.0,0.0,3.0,0.0
795,2024-01-05,4.0,1.0,0.0,1.0,0.0
796,2024-01-06,7.0,1.0,0.0,1.0,0.0
797,2024-01-07,7.0,1.0,0.0,1.0,0.0
798,2024-01-08,8.0,1.0,0.0,0.0,0.0
799,2024-01-09,7.0,1.0,0.0,2.0,0.0
800,2024-01-10,3.0,0.0,0.0,0.0,0.0
801,2024-01-11,9.0,0.0,0.0,0.0,0.0
802,2024-01-12,10.0,1.0,0.0,0.0,0.0
803,2024-01-13,6.0,1.0,0.0,0.0,0.0
804,2024-01-14,5.0,1.0,0.0,1.0,0.0
805,2024-01-15,2.0,1.0,0.0,0.0,0.0
806,2024-01-16,6.0,1.0,0.0,1.0,0.0
807,2024-01-17,7.0,1.0,0.0,0.0,0.0
808,2024-01-18,8.0,1.0,0.0,0.0,0.0
809,2024-01-19,12.0,1.0,0.0,0.0,0.0
810,2024-01-20,5.0,0.0,0.0,0.0,0.0
811,2024-01-21,4.0,1.0,0.0,1.0,0.0
812,2024-01-22,9.0,2.0,0.0,1.0,0.0
813,2024-01-23,5.0,1.0,0.0,0.0,0.0
814,2024-01-24,8.0,1.0,0.0,0.0,0.0
815,2024-01-25,21.0,0.0,0.0,0.0,0.0
816,2024-01-26,5.0,1.0,0.0,2.0,0.0
817,2024-01-27,18.0,1.0,0.0,1.0,0.0
818,2024-01-28,12.0,2.0,0.0,1.0,0.0
819,2024-01-29,5.0,1.0,0.0,0.0,0.0
820,2024-01-30,6.0,1.0,0.0,0.0,0.0
821,2024-01-31,5.0,1.0,0.0,1.0,0.0
822,2024-02-01,8.0,1.0,0.0,3.0,0.0
823,2024-02-02,5.0,1.0,0.0,1.0,0.0
824,2024-02-03,3.0,1.0,0.0,0.0,0.0
825,2024-02-04,10.0,2.0,0.0,0.0,1.0
826,2024-02-05,4.0,1.0,0.0,0.0,0.0
827,2024-02-06,35.0,1.0,0.0,2.0,0.0
828,2024-02-07,9.0,2.0,0.0,1.0,0.0
829,2024-02-08,4.0,1.0,0.0,0.0,0.0
830,2024-02-09,10.0,3.0,0.0,0.0,0.0
831,2024-02-10,2.0,0.0,0.0,0.0,0.0
832,2024-02-11,5.0,1.0,0.0,1.0,0.0
833,2024-02-12,3.0,1.0,0.0,1.0,0.0
834,2024-02-13,9.0,1.0,0.0,2.0,0.0
835,2024-02-14,6.0,1.0,0.0,0.0,0.0
836,2024-02-15,6.0,1.0,0.0,0.0,0.0
837,2024-02-16,11.0,2.0,0.0,1.0,0.0
838,2024-02-17,8.0,1.0,0.0,0.0,0.0
839,2024-02-18,9.0,1.0,0.0,0.0,0.0
840,2024-02-19,7.0,2.0,0.0,2.0,0.0
841,2024-02-20,9.0,1.0,0.0,1.0,0.0
842,2024-02-21,4.0,1.0,0.0,1.0,0.0
843,2024-02-22,7.0,1.0,0.0,1.0,0.0
844,2024-02-23,71.0,0.0,1.0,3.0,0.0
845,2024-02-24,54.0,1.0,0.0,1.0,0.0
846,2024-02-25,13.0,1.0,0.0,1.0,0.0
847,2024-02-26,30.0,0.0,0.0,1.0,0.0
848,2024-02-27,10.0,1.0,0.0,1.0,0.0
849,2024-02-28,11.0,1.0,0.0,1.0,0.0
850,2024-02-29,13.0,1.0,0.0,2.0,0.0
851,2024-03-01,8.0,1.0,0.0,2.0,0.0
852,2024-03-02,14.0,2.0,0.0,3.0,0.0
853,2024-03-03,5.0,0.0,0.0,0.0,0.0
854,2024-03-04,5.0,1.0,0.0,1.0,0.0
855,2024-03-05,7.0,1.0,0.0,1.0,0.0
856,2024-03-06,7.0,2.0,0.0,1.0,0.0
857,2024-03-07,34.0,1.0,0.0,2.0,0.0
858,2024-03-08,4.0,1.0,0.0,1.0,0.0
859,2024-03-09,12.0,1.0,0.0,0.0,0.0
860,2024-03-10,16.0,1.0,0.0,1.0,0.0
861,2024-03-11,5.0,1.0,0.0,0.0,0.0
862,2024-03-12,17.0,1.0,0.0,1.0,0.0
863,2024-03-13,8.0,1.0,0.0,0.0,0.0
864,2024-03-14,9.0,1.0,0.0,0.0,0.0
865,2024-03-15,14.0,0.0,0.0,2.0,0.0
866,2024-03-16,10.0,1.0,0.0,1.0,0.0
867,2024-03-17,4.0,1.0,0.0,0.0,0.0
868,2024-03-18,3.0,0.0,0.0,2.0,0.0
869,2024-03-19,8.0,1.0,0.0,0.0,0.0
870,2024-03-20,4.0,1.0,0.0,0.0,0.0
871,2024-03-21,17.0,1.0,0.0,2.0,0.0
872,2024-03-22,6.0,1.0,0.0,1.0,0.0
873,2024-03-23,6.0,1.0,0.0,1.0,0.0
874,2024-03-24,5.0,1.0,0.0,1.0,0.0
875,2024-03-25,9.0,1.0,0.0,0.0,0.0
876,2024-03-26,8.0,1.0,0.0,1.0,0.0
877,2024-03-27,3.0,1.0,0.0,1.0,0.0
878,2024-03-28,10.0,1.0,0.0,2.0,0.0
879,2024-03-29,2.0,1.0,0.0,0.0,0.0
880,2024-03-30,4.0,1.0,0.0,1.0,0.0
881,2024-03-31,9.0,1.0,0.0,1.0,0.0
882,2024-04-01,10.0,1.0,1.0,2.0,0.0
883,2024-04-02,24.0,1.0,0.0,2.0,0.0
884,2024-04-03,5.0,2.0,0.0,0.0,0.0
885,2024-04-04,9.0,1.0,0.0,1.0,0.0
886,2024-04-05,7.0,1.0,0.0,1.0,0.0
887,2024-04-06,4.0,1.0,0.0,1.0,0.0
888,2024-04-07,5.0,3.0,0.0,1.0,0.0
889,2024-04-08,6.0,1.0,0.0,1.0,0.0
890,2024-04-09,2.0,1.0,0.0,1.0,0.0
891,2024-04-10,9.0,1.0,0.0,2.0,0.0
892,2024-04-11,6.0,1.0,0.0,1.0,0.0
893,2024-04-12,2.0,1.0,0.0,0.0,0.0
894,2024-04-13,4.0,1.0,0.0,2.0,0.0
895,2024-04-14,6.0,1.0,0.0,3.0,0.0
896,2024-04-15,8.0,1.0,0.0,1.0,0.0
897,2024-04-16,5.0,1.0,0.0,1.0,0.0
898,2024-04-17,14.0,1.0,0.0,2.0,0.0
899,2024-04-18,4.0,1.0,0.0,0.0,0.0
900,2024-04-19,8.0,1.0,0.0,0.0,0.0
901,2024-04-20,12.0,1.0,0.0,4.0,0.0
902,2024-04-21,31.0,0.0,0.0,0.0,0.0
903,2024-04-22,11.0,1.0,0.0,0.0,0.0
904,2024-04-23,2.0,1.0,0.0,0.0,0.0
905,2024-04-24,3.0,1.0,0.0,1.0,0.0
906,2024-04-25,6.0,1.0,1.0,0.0,0.0
907,2024-04-26,19.0,1.0,0.0,1.0,0.0
908,2024-04-27,4.0,1.0,0.0,2.0,0.0
909,2024-04-28,10.0,1.0,0.0,1.0,0.0
910,2024-04-29,2.0,1.0,0.0,0.0,0.0
911,2024-04-30,16.0,1.0,0.0,1.0,0.0
912,2024-05-01,6.0,1.0,0.0,2.0,0.0
913,2024-05-02,6.0,1.0,0.0,1.0,0.0
914,2024-05-03,4.0,1.0,0.0,0.0,0.0
915,2024-05-04,5.0,1.0,0.0,0.0,0.0
916,2024-05-05,3.0,1.0,0.0,0.0,0.0
917,2024-05-06,5.0,1.0,0.0,1.0,0.0
918,2024-05-07,6.0,1.0,0.0,0.0,0.0
919,2024-05-08,3.0,1.0,0.0,1.0,0.0
920,2024-05-09,7.0,1.0,0.0,1.0,0.0
921,2024-05-10,7.0,2.0,0.0,2.0,0.0
922,2024-05-11,4.0,0.0,0.0,1.0,0.0
923,2024-05-12,2.0,1.0,0.0,0.0,0.0
924,2024-05-13,6.0,1.0,0.0,1.0,0.0
925,2024-05-14,9.0,2.0,0.0,0.0,0.0
926,2024-05-15,9.0,0.0,0.0,1.0,0.0
927,2024-05-16,17.0,1.0,0.0,0.0,0.0
928,2024-05-17,9.0,1.0,0.0,1.0,0.0
929,2024-05-18,13.0,1.0,0.0,2.0,0.0
930,2024-05-19,3.0,1.0,0.0,1.0,0.0
931,2024-05-20,20.0,1.0,0.0,2.0,0.0
932,2024-05-21,10.0,1.0,0.0,1.0,0.0
933,2024-05-22,8.0,0.0,0.0,0.0,0.0
934,2024-05-23,15.0,1.0,0.0,1.0,0.0
935,2024-05-24,17.0,1.0,0.0,0.0,0.0
936,2024-05-25,10.0,2.0,0.0,1.0,0.0
937,2024-05-26,26.0,1.0,0.0,1.0,0.0
938,2024-05-27,13.0,1.0,0.0,0.0,0.0
939,2024-05-28,22.0,0.0,2.0,0.0,1.0
940,2024-05-29,7.0,0.0,1.0,0.0,0.0
941,2024-05-30,8.0,1.0,0.0,1.0,0.0
942,2024-05-31,13.0,0.0,0.0,0.0,0.0
943,2024-06-01,25.0,1.0,0.0,1.0,0.0
944,2024-06-02,24.0,0.0,1.0,1.0,0.0
945,2024-06-03,9.0,0.0,0.0,1.0,0.0
946,2024-06-04,19.0,0.0,0.0,1.0,0.0
947,2024-06-05,11.0,0.0,0.0,0.0,0.0
948,2024-06-06,35.0,0.0,1.0,0.0,1.0
949,2024-06-07,22.0,0.0,1.0,0.0,0.0
950,2024-06-08,12.0,0.0,0.0,0.0,0.0
951,2024-06-09,7.0,0.0,0.0,1.0,0.0
952,2024-06-10,5.0,1.0,0.0,0.0,0.0
953,2024-06-11,11.0,1.0,0.0,1.0,0.0
954,2024-06-12,8.0,1.0,1.0,1.0,0.0
955,2024-06-13,14.0,1.0,0.0,2.0,0.0
956,2024-06-14,22.0,0.0,1.0,1.0,0.0
957,2024-06-15,16.0,0.0,0.0,1.0,0.0
958,2024-06-16,10.0,1.0,0.0,0.0,0.0
959,2024-06-17,9.0,0.0,1.0,3.0,0.0
960,2024-06-18,9.0,0.0,0.0,1.0,0.0
961,2024-06-19,15.0,0.0,0.0,1.0,0.0
962,2024-06-20,14.0,1.0,2.0,2.0,1.0
963,2024-06-21,6.0,0.0,0.0,1.0,0.0
964,2024-06-22,57.0,0.0,0.0,4.0,0.0
965,2024-06-23,15.0,1.0,0.0,1.0,1.0
966,2024-06-24,10.0,1.0,0.0,1.0,0.0
967,2024-06-25,16.0,1.0,1.0,0.0,0.0
968,2024-06-26,6.0,1.0,0.0,1.0,0.0
969,2024-06-27,5.0,1.0,0.0,1.0,0.0
970,2024-06-28,12.0,0.0,0.0,1.0,0.0
971,2024-06-29,4.0,1.0,0.0,1.0,0.0
972,2024-06-30,9.0,1.0,0.0,1.0,0.0
973,2024-07-01,6.0,1.0,0.0,1.0,0.0
974,2024-07-02,19.0,2.0,0.0,2.0,1.0
975,2024-07-03,9.0,1.0,0.0,1.0,0.0
976,2024-07-04,6.0,1.0,0.0,1.0,0.0
977,2024-07-05,47.0,0.0,0.0,0.0,0.0
978,2024-07-06,20.0,1.0,0.0,1.0,0.0
979,2024-07-07,11.0,0.0,0.0,2.0,0.0
980,2024-07-08,19.0,2.0,0.0,4.0,0.0
981,2024-07-09,6.0,0.0,0.0,0.0,0.0
982,2024-07-10,24.0,0.0,0.0,2.0,0.0
983,2024-07-11,16.0,0.0,0.0,2.0,0.0
984,2024-07-12,13.0,0.0,0.0,2.0,0.0
985,2024-07-13,7.0,1.0,0.0,1.0,0.0
986,2024-07-14,16.0,0.0,0.0,2.0,0.0
987,2024-07-15,12.0,1.0,0.0,2.0,0.0
988,2024-07-16,11.0,1.0,0.0,0.0,0.0
989,2024-07-17,14.0,0.0,0.0,1.0,0.0
990,2024-07-18,8.0,0.0,0.0,0.0,0.0
991,2024-07-19,13.0,1.0,0.0,1.0,0.0
992,2024-07-20,19.0,1.0,0.0,5.0,0.0
993,2024-07-21,13.0,1.0,0.0,2.0,0.0
994,2024-07-22,35.0,0.0,1.0,0.0,0.0
995,2024-07-23,8.0,0.0,1.0,0.0,0.0
996,2024-07-24,17.0,0.0,0.0,0.0,0.0
997,2024-07-25,15.0,0.0,0.0,0.0,0.0
998,2024-07-26,23.0,0.0,0.0,2.0,0.0
999,2024-07-27,47.0,1.0,0.0,4.0,0.0
1000,2024-07-28,28.0,0.0,0.0,1.0,0.0
1001,2024-07-29,6.0,1.0,0.0,2.0,0.0
1002,2024-07-30,14.0,1.0,0.0,0.0,0.0
1003,2024-07-31,16.0,1.0,0.0,2.0,0.0
1004,2024-08-01,7.0,0.0,0.0,0.0,0.0
1005,2024-08-02,3.0,1.0,0.0,0.0,0.0
1006,2024-08-03,23.0,1.0,0.0,3.0,0.0
1007,2024-08-04,11.0,1.0,0.0,2.0,0.0
1008,2024-08-05,4.0,1.0,0.0,1.0,0.0
1009,2024-08-06,12.0,2.0,0.0,1.0,0.0
1010,2024-08-07,22.0,1.0,0.0,1.0,0.0
1011,2024-08-08,12.0,1.0,0.0,1.0,0.0
1012,2024-08-09,12.0,1.0,0.0,1.0,0.0
1013,2024-08-10,10.0,1.0,0.0,1.0,0.0
1014,2024-08-11,11.0,0.0,0.0,1.0,0.0
1015,2024-08-12,15.0,1.0,0.0,1.0,0.0
1016,2024-08-13,14.0,2.0,0.0,2.0,0.0
1017,2024-08-14,29.0,1.0,0.0,1.0,0.0
1018,2024-08-15,26.0,1.0,0.0,0.0,0.0
1019,2024-08-16,20.0,1.0,0.0,1.0,0.0
1020,2024-08-17,17.0,1.0,0.0,0.0,0.0
1021,2024-08-18,7.0,1.0,0.0,0.0,0.0
1022,2024-08-19,34.0,2.0,0.0,0.0,0.0
1023,2024-08-20,16.0,1.0,0.0,4.0,0.0
1024,2024-08-21,36.0,0.0,0.0,1.0,0.0
1025,2024-08-22,15.0,1.0,0.0,0.0,0.0
1026,2024-08-23,13.0,1.0,0.0,0.0,0.0
1027,2024-08-24,5.0,1.0,0.0,1.0,0.0
1028,2024-08-25,8.0,1.0,0.0,1.0,0.0
1029,2024-08-26,9.0,1.0,0.0,2.0,0.0
1030,2024-08-27,7.0,1.0,0.0,0.0,0.0
1031,2024-08-28,6.0,0.0,0.0,0.0,0.0
1032,2024-08-29,21.0,1.0,0.0,0.0,0.0
1033,2024-08-30,6.0,1.0,0.0,0.0,0.0
1034,2024-08-31,23.0,0.0,0.0,1.0,0.0
1035,2024-09-01,6.0,1.0,0.0,1.0,0.0
1036,2024-09-02,5.0,1.0,0.0,0.0,0.0
1037,2024-09-03,8.0,0.0,0.0,1.0,0.0
1038,2024-09-04,8.0,0.0,0.0,0.0,0.0
1039,2024-09-05,8.0,0.0,0.0,0.0,0.0
1040,2024-09-06,7.0,1.0,0.0,1.0,0.0
1041,2024-09-07,5.0,1.0,0.0,0.0,0.0
1042,2024-09-08,9.0,1.0,0.0,2.0,0.0
1043,2024-09-09,11.0,1.0,0.0,2.0,0.0
1044,2024-09-10,14.0,1.0,0.0,1.0,0.0
1045,2024-09-11,22.0,1.0,0.0,2.0,0.0
1046,2024-09-12,3.0,1.0,0.0,0.0,0.0
1047,2024-09-13,3.0,1.0,0.0,0.0,0.0
1048,2024-09-14,7.0,1.0,0.0,0.0,0.0
1049,2024-09-15,5.0,1.0,0.0,1.0,0.0
1050,2024-09-16,11.0,1.0,0.0,3.0,0.0
1051,2024-09-17,22.0,1.0,0.0,2.0,0.0
1052,2024-09-18,15.0,2.0,0.0,0.0,0.0
1053,2024-09-19,18.0,0.0,0.0,2.0,0.0
1054,2024-09-20,22.0,2.0,0.0,2.0,0.0
1055,2024-09-21,20.0,1.0,0.0,2.0,0.0
1056,2024-09-22,15.0,1.0,0.0,0.0,0.0
1057,2024-09-23,12.0,1.0,0.0,1.0,0.0
1058,2024-09-24,19.0,0.0,0.0,2.0,0.0
1059,2024-09-25,8.0,1.0,0.0,0.0,0.0
1060,2024-09-26,19.0,2.0,0.0,0.0,0.0
1061,2024-09-27,27.0,2.0,0.0,1.0,0.0
1062,2024-09-28,9.0,1.0,0.0,1.0,0.0
1063,2024-09-29,21.0,2.0,0.0,1.0,1.0
1064,2024-09-30,12.0,2.0,0.0,1.0,1.0
1065,2024-10-01,4.0,1.0,0.0,1.0,0.0
1066,2024-10-02,29.0,3.0,0.0,1.0,0.0
1067,2024-10-03,25.0,1.0,0.0,0.0,0.0
1068,2024-10-04,17.0,1.0,0.0,0.0,0.0
1069,2024-10-05,27.0,1.0,0.0,0.0,0.0
1070,2024-10-06,9.0,1.0,0.0,1.0,0.0
1071,2024-10-07,5.0,1.0,0.0,1.0,0.0
1072,2024-10-08,11.0,1.0,0.0,0.0,0.0
1073,2024-10-09,36.0,1.0,0.0,1.0,0.0
1074,2024-10-10,22.0,0.0,0.0,1.0,0.0
1075,2024-10-11,7.0,1.0,0.0,2.0,0.0
1076,2024-10-12,13.0,0.0,0.0,1.0,0.0
1077,2024-10-13,44.0,0.0,0.0,1.0,0.0
1078,2024-10-14,3.0,0.0,0.0,0.0,0.0
1079,2024-10-15,8.0,0.0,0.0,1.0,0.0
1080,2024-10-16,17.0,1.0,0.0,1.0,0.0
1081,2024-10-17,12.0,0.0,0.0,3.0,0.0
1082,2024-10-18,9.0,0.0,0.0,2.0,0.0
1083,2024-10-19,5.0,1.0,0.0,0.0,0.0
1084,2024-10-20,3.0,0.0,0.0,1.0,0.0
1085,2024-10-21,4.0,1.0,0.0,1.0,0.0
1086,2024-10-22,8.0,0.0,0.0,2.0,0.0
1087,2024-10-23,9.0,0.0,0.0,3.0,0.0
1088,2024-10-24,7.0,2.0,1.0,1.0,0.0
1089,2024-10-25,4.0,1.0,0.0,2.0,0.0
1090,2024-10-26,34.0,0.0,0.0,3.0,0.0
1091,2024-10-27,10.0,1.0,0.0,1.0,0.0
1092,2024-10-28,6.0,1.0,1.0,1.0,0.0
1093,2024-10-29,7.0,1.0,0.0,2.0,0.0
1094,2024-10-30,14.0,1.0,0.0,3.0,0.0
1095,2024-10-31,3.0,1.0,0.0,1.0,0.0
1096,2024-11-01,15.0,1.0,0.0,2.0,0.0
1097,2024-11-02,4.0,1.0,0.0,1.0,0.0
1098,2024-11-03,5.0,1.0,0.0,2.0,0.0
1099,2024-11-04,5.0,1.0,0.0,1.0,0.0
