Date,Last Stream start time,Last Stream length (mins),Last Watch time (mins),Last Avg viewers,Last Peak viewers,Last Game,Stream
2021-11-01,2021-10-31 01:02:00,538.0,951722.0,1769.0,2333.0,Path of Exile,1
2021-11-02,2021-11-01 00:45:00,510.0,956250.0,1875.0,2137.0,Path of Exile,1
2021-11-03,2021-11-02 01:32:00,553.0,1160747.0,2099.0,2636.0,Path of Exile,1
2021-11-04,2021-11-03 01:36:00,489.0,813696.0,1664.0,2193.0,Path of Exile,1
2021-11-05,2021-11-04 02:01:00,494.0,1060124.0,2146.0,2606.0,Path of Exile,1
2021-11-06,2021-11-05 01:21:00,489.0,761373.0,1557.0,1998.0,Path of Exile,1
2021-11-07,2021-11-06 01:10:00,530.0,1092860.0,2062.0,2788.0,Path of Exile,1
2021-11-08,2021-11-07 01:37:00,623.0,979979.0,1573.0,2327.0,Path of Exile,1
2021-11-09,2021-11-08 02:23:00,577.0,1113610.0,1930.0,2596.0,Path of Exile,1
2021-11-10,2021-11-09 00:35:00,520.0,940680.0,1809.0,2465.0,Path of Exile,1
2021-11-11,2021-11-10 05:08:00,352.0,694848.0,1974.0,2552.0,Path of Exile,1
2021-11-12,2021-11-11 02:48:00,492.0,869856.0,1768.0,2096.0,Path of Exile,1
2021-11-13,2021-11-12 07:17:00,163.0,230482.0,1414.0,1940.0,Path of Exile,1
2021-11-14,2021-11-13 02:32:00,523.0,1033448.0,1976.0,2826.0,Path of Exile,1
2021-11-15,2021-11-14 03:17:00,463.0,873681.0,1887.0,2343.0,Path of Exile,1
2021-11-16,2021-11-15 02:44:00,481.0,721981.0,1501.0,2100.0,Path of Exile,1
2021-11-17,2021-11-16 05:11:00,349.0,531178.0,1522.0,2008.0,Path of Exile,1
2021-11-18,2021-11-17 02:50:00,475.0,788975.0,1661.0,2697.0,Path of Exile,1
2021-11-19,2021-11-18 04:57:00,513.0,702297.0,1369.0,1762.0,"Path of Exile,Blue Archive",1
2021-11-20,2021-11-19 03:10:00,470.0,802760.0,1708.0,3251.0,Path of Exile,1
2021-11-21,2021-11-20 02:55:00,440.0,519640.0,1181.0,1765.0,Path of Exile,1
2021-11-22,2021-11-21 03:52:00,653.0,1005620.0,1540.0,2101.0,"Path of Exile,Blue Archive",1
2021-11-23,2021-11-21 03:52:00,653.0,1005620.0,1540.0,2101.0,"Path of Exile,Blue Archive",0
2021-11-24,2021-11-22 03:01:00,479.0,741971.0,1549.0,2009.0,Path of Exile,1
2021-11-25,2021-11-24 01:44:00,496.0,636368.0,1283.0,2504.0,Path of Exile,1
2021-11-26,2021-11-24 01:44:00,496.0,636368.0,1283.0,2504.0,Path of Exile,0
2021-11-27,2021-11-25 02:29:00,406.0,619556.0,1526.0,2599.0,"Path of Exile,Blue Archive",1
2021-11-28,2021-11-27 01:58:00,662.0,758652.0,1146.0,1629.0,Path of Exile,1
2021-11-29,2021-11-28 02:38:00,577.0,874155.0,1515.0,2069.0,"Path of Exile,Blue Archive",1
2021-11-30,2021-11-29 02:47:00,718.0,936272.0,1304.0,1804.0,"Blue Archive,Path of Exile",1
2021-12-01,2021-11-30 02:46:00,509.0,610291.0,1199.0,1883.0,"Path of Exile,Blue Archive",1
2021-12-02,2021-12-01 03:06:00,459.0,650403.0,1417.0,2002.0,Path of Exile,1
2021-12-03,2021-12-02 02:33:00,447.0,521649.0,1167.0,1971.0,Path of Exile,0
2021-12-04,2021-12-02 23:14:00,601.0,679731.0,1131.0,1893.0,"Path of Exile,Blue Archive",1
2021-12-05,2021-12-04 02:26:00,589.0,1041941.0,1769.0,2440.0,Path of Exile,1
2021-12-06,2021-12-05 02:13:00,527.0,617644.0,1172.0,2091.0,Path of Exile,1
2021-12-07,2021-12-06 02:40:00,380.0,403940.0,1063.0,2621.0,Path of Exile,1
2021-12-08,2021-12-07 02:43:00,497.0,576520.0,1160.0,1693.0,Path of Exile,1
2021-12-09,2021-12-08 02:14:00,541.0,745498.0,1378.0,2070.0,Path of Exile,1
2021-12-10,2021-12-09 02:50:00,520.0,710320.0,1366.0,2030.0,Path of Exile,1
2021-12-11,2021-12-10 02:21:00,519.0,593217.0,1143.0,1828.0,Path of Exile,1
2021-12-12,2021-12-11 09:57:00,258.0,226524.0,878.0,1361.0,Path of Exile,1
2021-12-13,2021-12-12 02:35:00,595.0,527765.0,887.0,1250.0,Path of Exile,1
2021-12-14,2021-12-13 03:01:00,569.0,504703.0,887.0,1271.0,Path of Exile,1
2021-12-15,2021-12-14 02:51:00,489.0,298290.0,610.0,1080.0,"Path of Exile,Blue Archive",1
2021-12-16,2021-12-15 13:06:00,39.0,10764.0,276.0,351.0,Just Chatting,1
2021-12-17,2021-12-16 02:36:00,399.0,248577.0,623.0,898.0,"Path of Exile,Blue Archive",1
2021-12-18,2021-12-17 02:36:00,504.0,511560.0,1015.0,1491.0,Path of Exile,1
2021-12-19,2021-12-18 03:31:00,539.0,854854.0,1586.0,2326.0,Path of Exile,1
2021-12-20,2021-12-19 02:37:00,548.0,564988.0,1031.0,1528.0,Path of Exile,1
2021-12-21,2021-12-20 02:24:00,816.0,1014288.0,1243.0,1727.0,Path of Exile,1
2021-12-22,2021-12-21 03:21:00,669.0,697767.0,1043.0,1331.0,Path of Exile,1
2021-12-23,2021-12-22 02:48:00,672.0,790944.0,1177.0,1624.0,Path of Exile,1
2021-12-24,2021-12-23 02:46:00,509.0,448938.0,882.0,1325.0,Path of Exile,1
2021-12-25,2021-12-24 02:49:00,476.0,438872.0,922.0,2201.0,Path of Exile,1
2021-12-26,2021-12-25 08:25:00,515.0,605640.0,1176.0,1572.0,Path of Exile,1
2021-12-27,2021-12-26 03:04:00,431.0,278857.0,647.0,989.0,"Path of Exile,Last Epoch",1
2021-12-28,2021-12-27 02:49:00,206.0,110622.0,537.0,837.0,Path of Exile,1
2021-12-29,2021-12-28 06:49:00,371.0,197743.0,533.0,719.0,Last Epoch,1
2021-12-30,2021-12-29 12:40:00,95.0,28500.0,300.0,541.0,FINAL FANTASY XIV ONLINE,1
2021-12-31,2021-12-30 03:11:00,469.0,150549.0,321.0,466.0,FINAL FANTASY XIV ONLINE,1
2022-01-01,2021-12-31 04:37:00,398.0,129748.0,326.0,548.0,"FINAL FANTASY XIV ONLINE,Propnight",1
2022-01-02,2022-01-01 03:26:00,514.0,161910.0,315.0,500.0,FINAL FANTASY XIV ONLINE,1
2022-01-03,2022-01-02 04:34:00,566.0,239418.0,423.0,634.0,FINAL FANTASY XIV ONLINE,1
2022-01-04,2022-01-03 04:25:00,515.0,199820.0,388.0,539.0,FINAL FANTASY XIV ONLINE,1
2022-01-05,2022-01-04 08:42:00,768.0,205824.0,268.0,391.0,FINAL FANTASY XIV ONLINE,1
2022-01-06,2022-01-05 15:31:00,509.0,104854.0,206.0,289.0,FINAL FANTASY XIV ONLINE,1
2022-01-07,2022-01-05 15:31:00,509.0,104854.0,206.0,289.0,FINAL FANTASY XIV ONLINE,0
2022-01-08,2022-01-06 13:57:00,738.0,169740.0,230.0,315.0,FINAL FANTASY XIV ONLINE,1
2022-01-09,2022-01-08 02:20:00,775.0,475850.0,614.0,1259.0,FINAL FANTASY XIV ONLINE,1
2022-01-10,2022-01-09 23:25:00,500.0,115500.0,231.0,322.0,FINAL FANTASY XIV ONLINE,1
2022-01-11,2022-01-09 23:25:00,500.0,115500.0,231.0,322.0,FINAL FANTASY XIV ONLINE,0
2022-01-12,2022-01-10 23:29:00,691.0,175514.0,254.0,466.0,"FINAL FANTASY XIV ONLINE,Blue Archive",1
2022-01-13,2022-01-12 11:43:00,572.0,96668.0,169.0,240.0,FINAL FANTASY XIV ONLINE,1
2022-01-14,2022-01-13 12:36:00,609.0,102312.0,168.0,232.0,FINAL FANTASY XIV ONLINE,1
2022-01-15,2022-01-13 12:36:00,609.0,102312.0,168.0,232.0,FINAL FANTASY XIV ONLINE,0
2022-01-16,2022-01-13 12:36:00,609.0,102312.0,168.0,232.0,FINAL FANTASY XIV ONLINE,0
2022-01-17,2022-01-14 13:23:00,352.0,55616.0,158.0,238.0,FINAL FANTASY XIV ONLINE,1
2022-01-18,2022-01-14 13:23:00,352.0,55616.0,158.0,238.0,FINAL FANTASY XIV ONLINE,0
2022-01-19,2022-01-17 00:15:00,555.0,170385.0,307.0,732.0,FINAL FANTASY XIV ONLINE,1
2022-01-20,2022-01-19 01:44:00,646.0,170544.0,264.0,698.0,FINAL FANTASY XIV ONLINE,0
2022-01-21,2022-01-19 23:07:00,458.0,89768.0,196.0,319.0,FINAL FANTASY XIV ONLINE,1
2022-01-22,2022-01-21 02:36:00,639.0,226845.0,355.0,510.0,"Monster Hunter Rise,God of War,Just Chatting",1
2022-01-23,2022-01-22 03:27:00,483.0,266133.0,551.0,840.0,"UNDECEMBER,Just Chatting",1
2022-01-24,2022-01-23 05:02:00,478.0,280108.0,586.0,1258.0,"Just Chatting,Dead Cells",1
2022-01-25,2022-01-24 02:35:00,490.0,195020.0,398.0,660.0,"Just Chatting,Dead Cells",1
2022-01-26,2022-01-24 02:35:00,490.0,195020.0,398.0,660.0,"Just Chatting,Dead Cells",0
2022-01-27,2022-01-25 02:27:00,498.0,310254.0,623.0,1102.0,"Path of Exile,Blue Archive",1
2022-01-28,2022-01-27 01:42:00,603.0,384111.0,637.0,853.0,"Path of Exile,Just Chatting",1
2022-01-29,2022-01-28 01:35:00,475.0,522025.0,1099.0,1448.0,"Path of Exile,Just Chatting",1
2022-01-30,2022-01-29 02:23:00,547.0,487924.0,892.0,1267.0,Path of Exile,1
2022-01-31,2022-01-30 02:16:00,449.0,338097.0,753.0,931.0,Lost Ark,1
2022-02-01,2022-01-31 02:19:00,536.0,421296.0,786.0,1706.0,Lost Ark,1
2022-02-02,2022-02-01 02:04:00,641.0,703177.0,1097.0,1474.0,"Path of Exile,Lost Ark",1
2022-02-03,2022-02-02 02:11:00,439.0,505728.0,1152.0,1751.0,Path of Exile,1
2022-02-04,2022-02-03 02:39:00,561.0,603075.0,1075.0,1421.0,"Path of Exile,Lost Ark",1
2022-02-05,2022-02-04 17:14:00,856.0,980976.0,1146.0,1458.0,Path of Exile,1
2022-02-06,2022-02-04 17:14:00,856.0,980976.0,1146.0,1458.0,Path of Exile,0
2022-02-07,2022-02-05 23:15:00,810.0,903150.0,1115.0,1673.0,Path of Exile,1
2022-02-08,2022-02-07 02:48:00,342.0,283176.0,828.0,1182.0,Path of Exile,1
2022-02-09,2022-02-08 15:15:00,990.0,765270.0,773.0,1387.0,Lost Ark,1
2022-02-10,2022-02-08 15:15:00,990.0,765270.0,773.0,1387.0,Lost Ark,0
2022-02-11,2022-02-09 20:35:00,1480.0,1121840.0,758.0,1119.0,Lost Ark,1
2022-02-12,2022-02-11 16:22:00,23.0,2783.0,121.0,206.0,Lost Ark,1
2022-02-13,2022-02-12 00:01:00,779.0,634106.0,814.0,1239.0,Lost Ark,1
2022-02-14,2022-02-13 00:12:00,963.0,1581246.0,1642.0,3944.0,"Lost Ark,Blue Archive",1
2022-02-15,2022-02-14 01:57:00,738.0,684126.0,927.0,1434.0,Lost Ark,1
2022-02-16,2022-02-15 13:29:00,511.0,355656.0,696.0,868.0,Lost Ark,1
2022-02-17,2022-02-16 08:37:00,368.0,497168.0,1351.0,1870.0,Lost Ark,1
2022-02-18,2022-02-17 01:26:00,1414.0,1637412.0,1158.0,1963.0,Lost Ark,1
2022-02-19,2022-02-18 07:36:00,804.0,587724.0,731.0,987.0,Lost Ark,1
2022-02-20,2022-02-19 04:44:00,781.0,948134.0,1214.0,2647.0,Lost Ark,1
2022-02-21,2022-02-20 04:50:00,880.0,887920.0,1009.0,1278.0,Lost Ark,1
2022-02-22,2022-02-21 04:50:00,880.0,1376320.0,1564.0,3045.0,Lost Ark,1
2022-02-23,2022-02-21 04:50:00,880.0,1376320.0,1564.0,3045.0,Lost Ark,0
2022-02-24,2022-02-22 03:46:00,734.0,561510.0,765.0,981.0,"Lost Ark,Blue Archive",1
2022-02-25,2022-02-24 10:45:00,345.0,184575.0,535.0,756.0,Lost Ark,1
2022-02-26,2022-02-25 03:41:00,874.0,831174.0,951.0,2080.0,Lost Ark,1
2022-02-27,2022-02-26 06:01:00,854.0,840336.0,984.0,1213.0,Lost Ark,1
2022-02-28,2022-02-27 05:40:00,680.0,718080.0,1056.0,1414.0,Lost Ark,1
2022-03-01,2022-02-28 06:38:00,592.0,400192.0,676.0,828.0,Lost Ark,1
2022-03-02,2022-03-01 04:47:00,643.0,432096.0,672.0,829.0,Lost Ark,1
2022-03-03,2022-03-02 06:45:00,660.0,878460.0,1331.0,2122.0,Lost Ark,1
2022-03-04,2022-03-03 06:55:00,740.0,544640.0,736.0,931.0,Lost Ark,1
2022-03-05,2022-03-03 06:55:00,740.0,544640.0,736.0,931.0,Lost Ark,0
2022-03-06,2022-03-04 10:14:00,1036.0,706552.0,682.0,891.0,Lost Ark,1
2022-03-07,2022-03-06 03:07:00,818.0,809820.0,990.0,1722.0,Lost Ark,1
2022-03-08,2022-03-07 04:43:00,782.0,764014.0,977.0,3890.0,Lost Ark,1
2022-03-09,2022-03-08 04:42:00,993.0,867882.0,874.0,2016.0,"Lost Ark,Blue Archive",1
2022-03-10,2022-03-09 05:47:00,613.0,557217.0,909.0,1555.0,Lost Ark,1
2022-03-11,2022-03-10 11:57:00,858.0,603174.0,703.0,976.0,Lost Ark,1
2022-03-12,2022-03-10 11:57:00,858.0,603174.0,703.0,976.0,Lost Ark,0
2022-03-13,2022-03-11 12:26:00,739.0,390192.0,528.0,710.0,Lost Ark,1
2022-03-14,2022-03-13 01:15:00,690.0,396750.0,575.0,704.0,Lost Ark,1
2022-03-15,2022-03-13 01:15:00,690.0,396750.0,575.0,704.0,Lost Ark,0
2022-03-16,2022-03-14 10:09:00,606.0,408444.0,674.0,855.0,Lost Ark,1
2022-03-17,2022-03-16 02:43:00,647.0,478133.0,739.0,1587.0,Lost Ark,1
2022-03-18,2022-03-17 01:44:00,286.0,126412.0,442.0,724.0,Lost Ark,1
2022-03-19,2022-03-18 00:39:00,606.0,338754.0,559.0,767.0,Lost Ark,1
2022-03-20,2022-03-19 00:14:00,796.0,478396.0,601.0,948.0,Lost Ark,1
2022-03-21,2022-03-20 01:55:00,830.0,787670.0,949.0,1850.0,Lost Ark,1
2022-03-22,2022-03-21 02:39:00,576.0,301824.0,524.0,755.0,Lost Ark,1
2022-03-23,2022-03-22 03:35:00,790.0,384730.0,487.0,628.0,"Lost Ark,Blue Archive",1
2022-03-24,2022-03-23 05:06:00,624.0,318864.0,511.0,723.0,Lost Ark,1
2022-03-25,2022-03-23 05:06:00,624.0,318864.0,511.0,723.0,Lost Ark,0
2022-03-26,2022-03-24 19:28:00,752.0,394048.0,524.0,1334.0,Lost Ark,1
2022-03-27,2022-03-26 01:13:00,527.0,237677.0,451.0,653.0,Lost Ark,1
2022-03-28,2022-03-27 00:48:00,537.0,278703.0,519.0,967.0,Lost Ark,1
2022-03-29,2022-03-28 00:46:00,554.0,289742.0,523.0,739.0,Lost Ark,1
2022-03-30,2022-03-29 01:14:00,586.0,266630.0,455.0,614.0,Lost Ark,1
2022-03-31,2022-03-30 00:58:00,557.0,225028.0,404.0,598.0,Lost Ark,1
2022-04-01,2022-03-31 01:55:00,320.0,108800.0,340.0,513.0,Lost Ark,0
2022-04-02,2022-03-31 14:36:00,474.0,168270.0,355.0,707.0,Lost Ark,1
2022-04-03,2022-04-02 21:39:00,516.0,205884.0,399.0,531.0,Lost Ark,1
2022-04-04,2022-04-02 21:39:00,516.0,205884.0,399.0,531.0,Lost Ark,0
2022-04-05,2022-04-03 19:51:00,714.0,374136.0,524.0,1886.0,Lost Ark,1
2022-04-06,2022-04-05 01:48:00,582.0,207192.0,356.0,465.0,Lost Ark,0
2022-04-07,2022-04-05 23:53:00,472.0,222312.0,471.0,694.0,Lost Ark,1
2022-04-08,2022-04-07 22:06:00,594.0,234630.0,395.0,587.0,Lost Ark,1
2022-04-09,2022-04-07 22:06:00,594.0,234630.0,395.0,587.0,Lost Ark,0
2022-04-10,2022-04-08 22:48:00,612.0,251532.0,411.0,633.0,Lost Ark,1
2022-04-11,2022-04-10 01:04:00,626.0,386242.0,617.0,1255.0,Lost Ark,0
2022-04-12,2022-04-10 22:00:00,540.0,219240.0,406.0,539.0,Lost Ark,1
2022-04-13,2022-04-12 01:08:00,517.0,344322.0,666.0,1704.0,Lost Ark,1
2022-04-14,2022-04-13 01:26:00,469.0,186193.0,397.0,545.0,Lost Ark,1
2022-04-15,2022-04-14 01:56:00,304.0,115520.0,380.0,686.0,Lost Ark,1
2022-04-16,2022-04-15 01:00:00,690.0,309810.0,449.0,571.0,Lost Ark,1
2022-04-17,2022-04-16 01:19:00,506.0,414414.0,819.0,3053.0,Lost Ark,1
2022-04-18,2022-04-17 01:28:00,482.0,268474.0,557.0,955.0,Lost Ark,1
2022-04-19,2022-04-18 01:19:00,656.0,337184.0,514.0,882.0,Lost Ark,1
2022-04-20,2022-04-19 05:15:00,450.0,321750.0,715.0,1258.0,Lost Ark,1
2022-04-21,2022-04-20 01:00:00,390.0,144690.0,371.0,595.0,Lost Ark,1
2022-04-22,2022-04-21 11:51:00,579.0,206703.0,357.0,488.0,Lost Ark,1
2022-04-23,2022-04-22 01:59:00,556.0,272440.0,490.0,692.0,Lost Ark,1
2022-04-24,2022-04-23 01:29:00,676.0,450216.0,666.0,1193.0,Lost Ark,1
2022-04-25,2022-04-24 01:21:00,579.0,533259.0,921.0,2087.0,Lost Ark,1
2022-04-26,2022-04-25 01:22:00,533.0,272363.0,511.0,1052.0,Lost Ark,1
2022-04-27,2022-04-26 01:27:00,438.0,176076.0,402.0,710.0,Lost Ark,1
2022-04-28,2022-04-27 04:50:00,280.0,99680.0,356.0,526.0,Lost Ark,1
2022-04-29,2022-04-28 09:02:00,118.0,51330.0,435.0,733.0,Lost Ark,1
2022-04-30,2022-04-29 06:54:00,426.0,201072.0,472.0,625.0,Lost Ark,1
2022-05-01,2022-04-30 01:57:00,828.0,406548.0,491.0,654.0,Lost Ark,1
2022-05-02,2022-05-01 03:11:00,664.0,343952.0,518.0,733.0,Lost Ark,1
2022-05-03,2022-05-02 04:09:00,531.0,439137.0,827.0,2996.0,Lost Ark,1
2022-05-04,2022-05-03 02:34:00,581.0,314902.0,542.0,1009.0,Lost Ark,1
2022-05-05,2022-05-04 10:15:00,585.0,255645.0,437.0,574.0,Lost Ark,1
2022-05-06,2022-05-05 08:24:00,531.0,313821.0,591.0,1003.0,Lost Ark,1
2022-05-07,2022-05-06 10:34:00,641.0,407676.0,636.0,955.0,"Path of Exile,Lost Ark",1
2022-05-08,2022-05-07 11:01:00,614.0,567950.0,925.0,3089.0,Lost Ark,1
2022-05-09,2022-05-08 12:58:00,602.0,340732.0,566.0,856.0,Lost Ark,1
2022-05-10,2022-05-09 12:27:00,543.0,248151.0,457.0,703.0,Lost Ark,1
2022-05-11,2022-05-09 12:27:00,543.0,248151.0,457.0,703.0,Lost Ark,0
2022-05-12,2022-05-10 16:06:00,564.0,205860.0,365.0,533.0,Lost Ark,1
2022-05-13,2022-05-12 01:04:00,686.0,428750.0,625.0,1094.0,Lost Ark,1
2022-05-14,2022-05-13 01:13:00,407.0,140415.0,345.0,493.0,Lost Ark,0
2022-05-15,2022-05-13 22:07:00,698.0,342020.0,490.0,1086.0,"Path of Exile,Lost Ark",1
2022-05-16,2022-05-15 00:57:00,663.0,279123.0,421.0,580.0,Lost Ark,0
2022-05-17,2022-05-15 23:22:00,563.0,240401.0,427.0,755.0,Lost Ark,1
2022-05-18,2022-05-17 01:41:00,604.0,263344.0,436.0,700.0,Lost Ark,1
2022-05-19,2022-05-18 22:38:00,307.0,440545.0,1435.0,2951.0,Lost Ark,1
2022-05-20,2022-05-19 08:34:00,866.0,941342.0,1087.0,1753.0,Lost Ark,1
2022-05-21,2022-05-20 11:43:00,932.0,1258200.0,1350.0,3489.0,Lost Ark,1
2022-05-22,2022-05-20 11:43:00,932.0,1258200.0,1350.0,3489.0,Lost Ark,0
2022-05-23,2022-05-21 20:39:00,711.0,640611.0,901.0,1317.0,Lost Ark,1
2022-05-24,2022-05-23 00:31:00,629.0,345950.0,550.0,756.0,Lost Ark,0
2022-05-25,2022-05-23 22:38:00,532.0,306432.0,576.0,1758.0,Lost Ark,1
2022-05-26,2022-05-25 01:07:00,683.0,289592.0,424.0,604.0,Lost Ark,1
2022-05-27,2022-05-26 18:42:00,858.0,366366.0,427.0,736.0,Lost Ark,1
2022-05-28,2022-05-27 21:49:00,791.0,394709.0,499.0,766.0,Lost Ark,1
2022-05-29,2022-05-27 21:49:00,791.0,394709.0,499.0,766.0,Lost Ark,0
2022-05-30,2022-05-28 22:29:00,706.0,518910.0,735.0,1671.0,Lost Ark,1
2022-05-31,2022-05-30 03:34:00,596.0,420180.0,705.0,1026.0,Lost Ark,1
2022-06-01,2022-05-31 01:23:00,622.0,592766.0,953.0,1481.0,Lost Ark,1
2022-06-02,2022-06-01 01:35:00,625.0,335625.0,537.0,791.0,Lost Ark,1
2022-06-03,2022-06-02 18:17:00,643.0,591560.0,920.0,5407.0,Lost Ark,1
2022-06-04,2022-06-03 22:38:00,307.0,141834.0,462.0,620.0,Lost Ark,1
2022-06-05,2022-06-04 22:55:00,605.0,480975.0,795.0,1800.0,Lost Ark,1
2022-06-06,2022-06-04 22:55:00,605.0,480975.0,795.0,1800.0,Lost Ark,0
2022-06-07,2022-06-05 22:49:00,491.0,516532.0,1052.0,2519.0,Lost Ark,1
2022-06-08,2022-06-07 01:28:00,512.0,407040.0,795.0,1217.0,Lost Ark,1
2022-06-09,2022-06-08 01:06:00,534.0,279816.0,524.0,709.0,Lost Ark,1
2022-06-10,2022-06-09 10:00:00,240.0,103200.0,430.0,569.0,Lost Ark,1
2022-06-11,2022-06-10 23:09:00,726.0,449394.0,619.0,822.0,Lost Ark,1
2022-06-12,2022-06-11 23:10:00,650.0,421850.0,649.0,999.0,Lost Ark,1
2022-06-13,2022-06-11 23:10:00,650.0,421850.0,649.0,999.0,Lost Ark,0
2022-06-14,2022-06-12 23:50:00,550.0,336600.0,612.0,1112.0,Lost Ark,1
2022-06-15,2022-06-12 23:50:00,550.0,336600.0,612.0,1112.0,Lost Ark,0
2022-06-16,2022-06-14 01:57:00,333.0,173493.0,521.0,830.0,Lost Ark,1
2022-06-17,2022-06-16 20:40:00,500.0,233000.0,466.0,658.0,Lost Ark,1
2022-06-18,2022-06-17 22:17:00,628.0,402548.0,641.0,1560.0,Lost Ark,1
2022-06-19,2022-06-18 22:33:00,462.0,269808.0,584.0,715.0,Lost Ark,1
2022-06-20,2022-06-18 22:33:00,462.0,269808.0,584.0,715.0,Lost Ark,0
2022-06-21,2022-06-19 22:50:00,430.0,433010.0,1007.0,1483.0,Lost Ark,1
2022-06-22,2022-06-21 01:21:00,414.0,247572.0,598.0,1410.0,Lost Ark,1
2022-06-23,2022-06-22 01:08:00,442.0,221000.0,500.0,786.0,Lost Ark,1
2022-06-24,2022-06-23 12:23:00,292.0,141912.0,486.0,615.0,Lost Ark,1
2022-06-25,2022-06-24 01:27:00,348.0,366096.0,1052.0,2351.0,Lost Ark,1
2022-06-26,2022-06-25 07:34:00,446.0,381776.0,856.0,3828.0,Lost Ark,1
2022-06-27,2022-06-26 05:47:00,373.0,307725.0,825.0,1332.0,Lost Ark,1
2022-06-28,2022-06-27 04:39:00,441.0,234612.0,532.0,1104.0,Lost Ark,1
2022-06-29,2022-06-28 09:15:00,405.0,187110.0,462.0,574.0,Lost Ark,1
2022-06-30,2022-06-29 05:51:00,399.0,179550.0,450.0,723.0,Lost Ark,1
2022-07-01,2022-06-30 11:14:00,1156.0,1205708.0,1043.0,6365.0,Lost Ark,1
2022-07-02,2022-06-30 11:14:00,1156.0,1205708.0,1043.0,6365.0,Lost Ark,0
2022-07-03,2022-07-01 18:39:00,711.0,483480.0,680.0,884.0,Lost Ark,1
2022-07-04,2022-07-03 01:01:00,764.0,591336.0,774.0,1092.0,Lost Ark,0
2022-07-05,2022-07-03 23:07:00,863.0,895794.0,1038.0,2664.0,Lost Ark,1
2022-07-06,2022-07-05 05:53:00,1027.0,845221.0,823.0,1723.0,Lost Ark,1
2022-07-07,2022-07-05 05:53:00,1027.0,845221.0,823.0,1723.0,Lost Ark,0
2022-07-08,2022-07-06 19:17:00,823.0,939866.0,1142.0,3196.0,Lost Ark,1
2022-07-09,2022-07-08 02:24:00,711.0,907947.0,1277.0,2723.0,Lost Ark,1
2022-07-10,2022-07-09 02:18:00,477.0,328176.0,688.0,1255.0,Lost Ark,0
2022-07-11,2022-07-09 02:18:00,477.0,328176.0,688.0,1255.0,Lost Ark,0
2022-07-12,2022-07-09 20:33:00,582.0,433008.0,744.0,962.0,Lost Ark,1
2022-07-13,2022-07-12 20:58:00,407.0,304436.0,748.0,1356.0,Lost Ark,1
2022-07-14,2022-07-13 11:32:00,463.0,330119.0,713.0,1072.0,Lost Ark,1
2022-07-15,2022-07-14 17:19:00,386.0,234688.0,608.0,1429.0,Lost Ark,1
2022-07-16,2022-07-15 23:03:00,567.0,440559.0,777.0,1517.0,Lost Ark,1
2022-07-17,2022-07-16 23:11:00,619.0,412254.0,666.0,838.0,Lost Ark,1
2022-07-18,2022-07-16 23:11:00,619.0,412254.0,666.0,838.0,Lost Ark,0
2022-07-19,2022-07-17 22:43:00,587.0,457860.0,780.0,1450.0,Lost Ark,1
2022-07-20,2022-07-19 01:14:00,466.0,317812.0,682.0,1142.0,Lost Ark,1
2022-07-21,2022-07-20 13:00:00,690.0,420210.0,609.0,837.0,Lost Ark,1
2022-07-22,2022-07-21 02:53:00,367.0,267176.0,728.0,1129.0,Lost Ark,0
2022-07-23,2022-07-21 20:31:00,704.0,599104.0,851.0,1889.0,Lost Ark,1
2022-07-24,2022-07-23 01:28:00,557.0,857780.0,1540.0,3345.0,Lost Ark,0
2022-07-25,2022-07-23 21:34:00,581.0,414834.0,714.0,1214.0,Lost Ark,1
2022-07-26,2022-07-25 00:09:00,546.0,453180.0,830.0,2339.0,Lost Ark,1
2022-07-27,2022-07-26 01:54:00,666.0,663336.0,996.0,1948.0,Lost Ark,1
2022-07-28,2022-07-27 00:42:00,348.0,137808.0,396.0,545.0,Lost Ark,1
2022-07-29,2022-07-28 01:41:00,574.0,362768.0,632.0,978.0,Lost Ark,1
2022-07-30,2022-07-29 22:54:00,576.0,704448.0,1223.0,3949.0,Lost Ark,1
2022-07-31,2022-07-30 22:26:00,589.0,586055.0,995.0,2159.0,Lost Ark,1
2022-08-01,2022-07-31 23:56:00,514.0,389098.0,757.0,1289.0,Lost Ark,1
2022-08-02,2022-08-01 14:28:00,302.0,338844.0,1122.0,1284.0,Lost Ark,1
2022-08-03,2022-08-02 02:38:00,487.0,649658.0,1334.0,5008.0,Lost Ark,1
2022-08-04,2022-08-03 22:46:00,539.0,668360.0,1240.0,3506.0,"Lost Ark,Path of Exile",1
2022-08-05,2022-08-04 23:08:00,502.0,550192.0,1096.0,2369.0,Lost Ark,1
2022-08-06,2022-08-04 23:08:00,502.0,550192.0,1096.0,2369.0,Lost Ark,0
2022-08-07,2022-08-05 21:12:00,453.0,253680.0,560.0,791.0,Lost Ark,1
2022-08-08,2022-08-07 00:59:00,421.0,293437.0,697.0,954.0,Lost Ark,0
2022-08-09,2022-08-07 23:06:00,444.0,305028.0,687.0,1001.0,Lost Ark,1
2022-08-10,2022-08-09 01:23:00,652.0,666344.0,1022.0,1870.0,Lost Ark,1
2022-08-11,2022-08-10 01:08:00,337.0,108514.0,322.0,474.0,Lost Ark,0
2022-08-12,2022-08-10 21:57:00,573.0,277905.0,485.0,735.0,"Lost Ark,Tower of Fantasy",1
2022-08-13,2022-08-12 01:12:00,543.0,280188.0,516.0,743.0,Lost Ark,1
2022-08-14,2022-08-13 01:22:00,518.0,500906.0,967.0,3443.0,Lost Ark,1
2022-08-15,2022-08-14 01:11:00,469.0,297346.0,634.0,965.0,Lost Ark,1
2022-08-16,2022-08-15 01:28:00,467.0,350250.0,750.0,1019.0,Lost Ark,1
2022-08-17,2022-08-16 01:36:00,294.0,137592.0,468.0,589.0,Lost Ark,1
2022-08-18,2022-08-16 01:36:00,294.0,137592.0,468.0,589.0,Lost Ark,0
2022-08-19,2022-08-17 22:55:00,515.0,279645.0,543.0,744.0,Lost Ark,1
2022-08-20,2022-08-19 02:05:00,550.0,465850.0,847.0,1560.0,Lost Ark,1
2022-08-21,2022-08-20 01:31:00,449.0,235276.0,524.0,752.0,Lost Ark,1
2022-08-22,2022-08-21 01:25:00,560.0,300720.0,537.0,817.0,Lost Ark,1
2022-08-23,2022-08-21 01:25:00,560.0,300720.0,537.0,817.0,Lost Ark,0
2022-08-24,2022-08-22 02:37:00,458.0,273426.0,597.0,1290.0,Lost Ark,1
2022-08-25,2022-08-24 01:37:00,458.0,927450.0,2025.0,2609.0,Path of Exile,1
2022-08-26,2022-08-25 01:29:00,811.0,1887197.0,2327.0,3074.0,Path of Exile,1
2022-08-27,2022-08-26 01:46:00,539.0,1241856.0,2304.0,3518.0,Path of Exile,1
2022-08-28,2022-08-27 01:51:00,789.0,2148447.0,2723.0,3887.0,Path of Exile,1
2022-08-29,2022-08-28 01:37:00,638.0,1743654.0,2733.0,4133.0,Path of Exile,1
2022-08-30,2022-08-29 01:19:00,506.0,1222496.0,2416.0,3318.0,Path of Exile,1
2022-08-31,2022-08-30 01:35:00,490.0,1009890.0,2061.0,2557.0,Path of Exile,1
2022-09-01,2022-08-31 01:32:00,463.0,988505.0,2135.0,3138.0,Path of Exile,1
2022-09-02,2022-09-01 01:40:00,470.0,941880.0,2004.0,2474.0,Path of Exile,1
2022-09-03,2022-09-02 01:16:00,599.0,1463956.0,2444.0,2997.0,Path of Exile,1
2022-09-04,2022-09-03 01:33:00,477.0,1096623.0,2299.0,3352.0,Path of Exile,1
2022-09-05,2022-09-04 01:51:00,684.0,1733256.0,2534.0,3456.0,Path of Exile,1
2022-09-06,2022-09-05 01:19:00,581.0,1492008.0,2568.0,3378.0,Path of Exile,1
2022-09-07,2022-09-06 01:32:00,448.0,850304.0,1898.0,2539.0,Path of Exile,1
2022-09-08,2022-09-06 01:32:00,448.0,850304.0,1898.0,2539.0,Path of Exile,0
2022-09-09,2022-09-07 01:37:00,503.0,892825.0,1775.0,2302.0,Path of Exile,1
2022-09-10,2022-09-09 01:41:00,454.0,799040.0,1760.0,2430.0,Path of Exile,1
2022-09-11,2022-09-09 01:41:00,454.0,799040.0,1760.0,2430.0,Path of Exile,0
2022-09-12,2022-09-10 01:36:00,459.0,847773.0,1847.0,3173.0,Path of Exile,1
2022-09-13,2022-09-12 01:22:00,563.0,981872.0,1744.0,2426.0,Path of Exile,1
2022-09-14,2022-09-12 01:22:00,563.0,981872.0,1744.0,2426.0,Path of Exile,0
2022-09-15,2022-09-13 01:32:00,568.0,1011040.0,1780.0,2395.0,Path of Exile,1
2022-09-16,2022-09-15 01:32:00,553.0,908026.0,1642.0,2224.0,Path of Exile,1
2022-09-17,2022-09-16 03:52:00,473.0,602602.0,1274.0,1572.0,Path of Exile,1
2022-09-18,2022-09-17 01:49:00,491.0,806713.0,1643.0,2195.0,Path of Exile,1
2022-09-19,2022-09-17 01:49:00,491.0,806713.0,1643.0,2195.0,Path of Exile,0
2022-09-20,2022-09-18 05:47:00,418.0,784168.0,1876.0,2553.0,Path of Exile,1
2022-09-21,2022-09-20 01:03:00,462.0,620466.0,1343.0,2245.0,Path of Exile,1
2022-09-22,2022-09-21 04:06:00,414.0,593262.0,1433.0,1887.0,Path of Exile,1
2022-09-23,2022-09-22 01:55:00,485.0,787640.0,1624.0,2194.0,Path of Exile,1
2022-09-24,2022-09-23 01:20:00,490.0,814870.0,1663.0,2713.0,Path of Exile,1
2022-09-25,2022-09-24 01:43:00,572.0,880308.0,1539.0,2299.0,Path of Exile,1
2022-09-26,2022-09-25 01:40:00,575.0,1033850.0,1798.0,2508.0,Path of Exile,1
2022-09-27,2022-09-25 01:40:00,575.0,1033850.0,1798.0,2508.0,Path of Exile,0
2022-09-28,2022-09-26 02:51:00,549.0,811422.0,1478.0,2116.0,Path of Exile,1
2022-09-29,2022-09-28 00:46:00,554.0,703026.0,1269.0,2076.0,Path of Exile,0
2022-09-30,2022-09-28 12:44:00,361.0,250173.0,693.0,950.0,Lost Ark,1
2022-10-01,2022-09-30 02:10:00,800.0,1010400.0,1263.0,1912.0,"Path of Exile,Lost Ark",1
2022-10-02,2022-10-01 03:40:00,500.0,862500.0,1725.0,2415.0,Path of Exile,1
2022-10-03,2022-10-01 03:40:00,500.0,862500.0,1725.0,2415.0,Path of Exile,0
2022-10-04,2022-10-02 04:39:00,516.0,968016.0,1876.0,2760.0,Path of Exile,1
2022-10-05,2022-10-04 01:33:00,732.0,912804.0,1247.0,2291.0,"Path of Exile,Lost Ark",1
2022-10-06,2022-10-05 03:05:00,940.0,1000160.0,1064.0,1526.0,"Path of Exile,Lost Ark",1
2022-10-07,2022-10-06 08:24:00,741.0,741000.0,1000.0,1708.0,"Path of Exile,Lost Ark",1
2022-10-08,2022-10-07 11:54:00,321.0,235293.0,733.0,976.0,Lost Ark,1
2022-10-09,2022-10-08 04:59:00,316.0,191180.0,605.0,814.0,Lost Ark,1
2022-10-10,2022-10-09 02:39:00,411.0,473061.0,1151.0,1783.0,"Lost Ark,Beautiful Mystic Survivors",1
2022-10-11,2022-10-10 11:01:00,614.0,964594.0,1571.0,3730.0,Lost Ark,1
2022-10-12,2022-10-11 11:44:00,706.0,340998.0,483.0,645.0,Overwatch 2,1
2022-10-13,2022-10-12 09:56:00,529.0,420555.0,795.0,1124.0,Lost Ark,1
2022-10-14,2022-10-13 06:34:00,656.0,539888.0,823.0,1144.0,"Path of Exile,Lost Ark",0
2022-10-15,2022-10-13 23:08:00,562.0,456344.0,812.0,1375.0,"Lost Ark,Path of Exile,Torchlight: Infinite",1
2022-10-16,2022-10-15 00:29:00,676.0,408304.0,604.0,904.0,"Lost Ark,Torchlight: Infinite",1
2022-10-17,2022-10-16 01:41:00,469.0,501830.0,1070.0,1419.0,"Lost Ark,UNDECEMBER,Warhammer 40,000: Darktide",1
2022-10-18,2022-10-16 01:41:00,469.0,501830.0,1070.0,1419.0,"Lost Ark,UNDECEMBER,Warhammer 40,000: Darktide",0
2022-10-19,2022-10-17 19:04:00,701.0,485092.0,692.0,1159.0,Lost Ark,1
2022-10-20,2022-10-19 10:26:00,694.0,455958.0,657.0,915.0,Lost Ark,1
2022-10-21,2022-10-20 01:33:00,177.0,42657.0,241.0,342.0,Lost Ark,1
2022-10-22,2022-10-21 12:17:00,238.0,114240.0,480.0,718.0,Lost Ark,1
2022-10-23,2022-10-22 01:31:00,509.0,237194.0,466.0,928.0,Lost Ark,1
2022-10-24,2022-10-23 00:49:00,536.0,327496.0,611.0,1073.0,Lost Ark,1
2022-10-25,2022-10-24 01:25:00,485.0,271600.0,560.0,731.0,Lost Ark,1
2022-10-26,2022-10-25 01:15:00,525.0,807450.0,1538.0,3492.0,Lost Ark,1
2022-10-27,2022-10-26 01:37:00,953.0,707126.0,742.0,1216.0,Lost Ark,1
2022-10-28,2022-10-27 00:44:00,556.0,503180.0,905.0,1750.0,Lost Ark,1
2022-10-29,2022-10-28 23:52:00,608.0,609824.0,1003.0,1905.0,Lost Ark,1
2022-10-30,2022-10-29 18:58:00,662.0,454132.0,686.0,1342.0,Lost Ark,1
2022-10-31,2022-10-29 18:58:00,662.0,454132.0,686.0,1342.0,Lost Ark,0
2022-11-01,2022-10-30 17:29:00,991.0,496491.0,501.0,1307.0,Lost Ark,1
2022-11-02,2022-11-01 00:59:00,871.0,481663.0,553.0,726.0,Lost Ark,1
2022-11-03,2022-11-02 00:26:00,379.0,239149.0,631.0,1009.0,Lost Ark,0
2022-11-04,2022-11-02 14:05:00,715.0,558415.0,781.0,4274.0,Lost Ark,1
2022-11-05,2022-11-04 16:45:00,195.0,1466985.0,7523.0,16864.0,"GODDESS OF VICTORY: NIKKE,Lost Ark",1
2022-11-06,2022-11-05 02:47:00,448.0,288512.0,644.0,905.0,Lost Ark,1
2022-11-07,2022-11-06 01:28:00,407.0,141636.0,348.0,583.0,Lost Ark,1
2022-11-08,2022-11-07 02:22:00,443.0,210425.0,475.0,1115.0,Lost Ark,1
2022-11-09,2022-11-07 02:22:00,443.0,210425.0,475.0,1115.0,Lost Ark,0
2022-11-10,2022-11-08 22:36:00,519.0,152067.0,293.0,439.0,Lost Ark,1
2022-11-11,2022-11-10 01:07:00,308.0,96712.0,314.0,464.0,Lost Ark,1
2022-11-12,2022-11-11 01:46:00,494.0,276640.0,560.0,1833.0,Lost Ark,0
2022-11-13,2022-11-11 22:12:00,528.0,181104.0,343.0,450.0,Lost Ark,1
2022-11-14,2022-11-13 03:18:00,447.0,159579.0,357.0,534.0,Lost Ark,1
2022-11-15,2022-11-14 02:52:00,488.0,151280.0,310.0,527.0,Lost Ark,1
2022-11-16,2022-11-15 02:58:00,542.0,186990.0,345.0,582.0,Lost Ark,1
2022-11-17,2022-11-15 02:58:00,542.0,186990.0,345.0,582.0,Lost Ark,0
2022-11-18,2022-11-16 17:53:00,847.0,243089.0,287.0,900.0,Lost Ark,1
2022-11-19,2022-11-18 03:09:00,471.0,165321.0,351.0,704.0,"Lost Ark,Ragnarok Begins",1
2022-11-20,2022-11-19 02:36:00,339.0,112548.0,332.0,572.0,"Path of Exile,Lost Ark",1
2022-11-21,2022-11-20 05:03:00,552.0,222456.0,403.0,848.0,Lost Ark,1
2022-11-22,2022-11-21 02:46:00,449.0,168375.0,375.0,585.0,Lost Ark,1
2022-11-23,2022-11-22 03:34:00,431.0,196967.0,457.0,948.0,Lost Ark,1
2022-11-24,2022-11-23 02:42:00,318.0,92856.0,292.0,428.0,Lost Ark,0
2022-11-25,2022-11-23 02:42:00,318.0,92856.0,292.0,428.0,Lost Ark,0
2022-11-26,2022-11-23 23:25:00,470.0,416890.0,887.0,1857.0,Lost Ark,1
2022-11-27,2022-11-26 06:26:00,364.0,133588.0,367.0,546.0,Lost Ark,1
2022-11-28,2022-11-27 02:42:00,453.0,190260.0,420.0,719.0,Lost Ark,1
2022-11-29,2022-11-28 02:10:00,500.0,280000.0,560.0,1684.0,Lost Ark,1
2022-11-30,2022-11-29 05:03:00,342.0,390222.0,1141.0,1773.0,Lost Ark,1
2022-12-01,2022-11-30 10:12:00,243.0,86751.0,357.0,579.0,Lost Ark,1
2022-12-02,2022-12-01 04:42:00,453.0,230577.0,509.0,904.0,Lost Ark,1
2022-12-03,2022-12-02 00:57:00,438.0,1053390.0,2405.0,3797.0,Path of Exile,1
2022-12-04,2022-12-03 02:42:00,438.0,407340.0,930.0,1249.0,"Path of Exile,Lost Ark",1
2022-12-05,2022-12-04 02:51:00,534.0,505698.0,947.0,1197.0,Path of Exile,1
2022-12-06,2022-12-05 04:56:00,424.0,408736.0,964.0,1619.0,Path of Exile,1
2022-12-07,2022-12-06 02:52:00,488.0,316224.0,648.0,873.0,"Path of Exile,The Quarry",1
2022-12-08,2022-12-07 03:28:00,482.0,203886.0,423.0,550.0,"The Quarry,Soulstone Survivors",1
2022-12-09,2022-12-08 02:40:00,395.0,294275.0,745.0,1457.0,"Path of Exile,The Dark Pictures Anthology: House of Ashes",1
2022-12-10,2022-12-09 02:33:00,327.0,223014.0,682.0,1196.0,Path of Exile,0
2022-12-11,2022-12-09 17:11:00,889.0,921004.0,1036.0,1964.0,Path of Exile,1
2022-12-12,2022-12-11 01:27:00,723.0,1131495.0,1565.0,2260.0,Path of Exile,1
2022-12-13,2022-12-12 01:39:00,711.0,1028106.0,1446.0,1726.0,Path of Exile,1
2022-12-14,2022-12-12 01:39:00,711.0,1028106.0,1446.0,1726.0,Path of Exile,0
2022-12-15,2022-12-13 02:01:00,584.0,719488.0,1232.0,1493.0,Path of Exile,1
2022-12-16,2022-12-15 00:32:00,703.0,1008805.0,1435.0,2092.0,Path of Exile,1
2022-12-17,2022-12-16 02:01:00,524.0,812724.0,1551.0,2134.0,Path of Exile,1
2022-12-18,2022-12-17 01:09:00,711.0,1254915.0,1765.0,2678.0,Path of Exile,1
2022-12-19,2022-12-18 02:41:00,604.0,1029820.0,1705.0,2200.0,Path of Exile,1
2022-12-20,2022-12-19 02:49:00,491.0,947630.0,1930.0,2641.0,Path of Exile,1
2022-12-21,2022-12-20 05:50:00,475.0,660725.0,1391.0,2038.0,Path of Exile,1
2022-12-22,2022-12-21 02:28:00,557.0,919607.0,1651.0,2070.0,Path of Exile,1
2022-12-23,2022-12-22 02:34:00,446.0,867470.0,1945.0,2428.0,Path of Exile,1
2022-12-24,2022-12-23 02:54:00,501.0,928353.0,1853.0,2524.0,Path of Exile,1
2022-12-25,2022-12-24 02:33:00,642.0,1296198.0,2019.0,2673.0,Path of Exile,1
2022-12-26,2022-12-25 01:43:00,692.0,1578452.0,2281.0,3033.0,Path of Exile,1
2022-12-27,2022-12-26 02:42:00,558.0,1090332.0,1954.0,2543.0,Path of Exile,1
2022-12-28,2022-12-27 02:40:00,425.0,778175.0,1831.0,2373.0,Path of Exile,1
2022-12-29,2022-12-28 02:27:00,693.0,1354122.0,1954.0,2492.0,Path of Exile,1
2022-12-30,2022-12-29 03:12:00,438.0,701676.0,1602.0,2196.0,Path of Exile,1
2022-12-31,2022-12-30 02:33:00,552.0,801504.0,1452.0,1922.0,Path of Exile,1
2023-01-01,2022-12-31 02:45:00,495.0,828135.0,1673.0,2389.0,Path of Exile,1
2023-01-02,2023-01-01 02:45:00,540.0,1066500.0,1975.0,2619.0,Path of Exile,1
2023-01-03,2023-01-02 02:55:00,440.0,881320.0,2003.0,2424.0,Path of Exile,1
2023-01-04,2023-01-03 02:48:00,297.0,405999.0,1367.0,1889.0,Path of Exile,1
2023-01-05,2023-01-04 08:27:00,333.0,435231.0,1307.0,1908.0,Path of Exile,1
2023-01-06,2023-01-05 04:43:00,437.0,648071.0,1483.0,2088.0,Path of Exile,1
2023-01-07,2023-01-06 03:06:00,474.0,768828.0,1622.0,2019.0,Path of Exile,1
2023-01-08,2023-01-07 05:22:00,428.0,835028.0,1951.0,3296.0,Path of Exile,1
2023-01-09,2023-01-08 04:54:00,426.0,1023252.0,2402.0,2821.0,Path of Exile,1
2023-01-10,2023-01-09 02:56:00,544.0,998784.0,1836.0,2486.0,Path of Exile,1
2023-01-11,2023-01-10 02:01:00,404.0,677508.0,1677.0,2285.0,Path of Exile,1
2023-01-12,2023-01-11 03:00:00,555.0,1001220.0,1804.0,2376.0,Path of Exile,1
2023-01-13,2023-01-12 02:24:00,561.0,860574.0,1534.0,2311.0,Path of Exile,1
2023-01-14,2023-01-13 01:29:00,721.0,1274728.0,1768.0,2238.0,Path of Exile,1
2023-01-15,2023-01-14 02:33:00,627.0,1011351.0,1613.0,2231.0,Path of Exile,1
2023-01-16,2023-01-15 02:19:00,671.0,1099098.0,1638.0,2157.0,Path of Exile,1
2023-01-17,2023-01-16 02:31:00,449.0,639825.0,1425.0,1963.0,Path of Exile,1
2023-01-18,2023-01-16 02:31:00,449.0,639825.0,1425.0,1963.0,Path of Exile,0
2023-01-19,2023-01-17 04:07:00,443.0,566154.0,1278.0,1730.0,Path of Exile,1
2023-01-20,2023-01-19 02:37:00,503.0,670499.0,1333.0,1768.0,Path of Exile,1
2023-01-21,2023-01-20 02:21:00,579.0,671640.0,1160.0,1545.0,Path of Exile,1
2023-01-22,2023-01-21 02:28:00,557.0,920164.0,1652.0,2042.0,Path of Exile,1
2023-01-23,2023-01-22 03:36:00,534.0,847458.0,1587.0,2011.0,Path of Exile,1
2023-01-24,2023-01-23 02:51:00,534.0,745464.0,1396.0,1706.0,Path of Exile,1
2023-01-25,2023-01-24 05:26:00,259.0,251748.0,972.0,1404.0,Path of Exile,1
2023-01-26,2023-01-25 02:42:00,378.0,419580.0,1110.0,1567.0,Path of Exile,1
2023-01-27,2023-01-26 02:32:00,463.0,522727.0,1129.0,1526.0,Path of Exile,1
2023-01-28,2023-01-27 02:34:00,566.0,729574.0,1289.0,1781.0,Path of Exile,1
2023-01-29,2023-01-28 02:42:00,483.0,582015.0,1205.0,1514.0,"Path of Exile,Senran Kagura: Peach Beach Splash",1
2023-01-30,2023-01-29 02:55:00,500.0,866500.0,1733.0,2918.0,Path of Exile,1
2023-01-31,2023-01-30 02:34:00,536.0,667856.0,1246.0,1732.0,Path of Exile,1
2023-02-01,2023-01-31 02:48:00,537.0,702933.0,1309.0,1802.0,"Path of Exile,Superfuse",1
2023-02-02,2023-02-01 02:45:00,405.0,506655.0,1251.0,1750.0,Path of Exile,1
2023-02-03,2023-02-01 02:45:00,405.0,506655.0,1251.0,1750.0,Path of Exile,0
2023-02-04,2023-02-02 03:14:00,496.0,695888.0,1403.0,1968.0,Path of Exile,1
2023-02-05,2023-02-04 02:43:00,452.0,392788.0,869.0,1183.0,"Path of Exile,Dead Space",1
2023-02-06,2023-02-05 02:41:00,499.0,336825.0,675.0,877.0,"Just Chatting,Peglin,Eversoul,Dead Space",1
2023-02-07,2023-02-06 08:50:00,415.0,312495.0,753.0,938.0,"ELDEN RING,Dark and Darker",1
2023-02-08,2023-02-07 02:39:00,561.0,444873.0,793.0,1070.0,ELDEN RING,1
2023-02-09,2023-02-08 04:04:00,341.0,234608.0,688.0,955.0,ELDEN RING,1
2023-02-10,2023-02-09 02:37:00,548.0,383600.0,700.0,913.0,ELDEN RING,1
2023-02-11,2023-02-10 04:39:00,456.0,339264.0,744.0,996.0,ELDEN RING,1
2023-02-12,2023-02-11 04:29:00,511.0,339304.0,664.0,873.0,ELDEN RING,1
2023-02-13,2023-02-12 02:48:00,507.0,375180.0,740.0,1037.0,ELDEN RING,1
2023-02-14,2023-02-13 03:25:00,515.0,374405.0,727.0,1034.0,ELDEN RING,1
2023-02-15,2023-02-13 03:25:00,515.0,374405.0,727.0,1034.0,ELDEN RING,0
2023-02-16,2023-02-14 04:11:00,454.0,356390.0,785.0,998.0,ELDEN RING,1
2023-02-17,2023-02-16 02:35:00,460.0,289340.0,629.0,828.0,"Hogwarts Legacy,Sekiro: Shadows Die Twice",1
2023-02-18,2023-02-17 03:29:00,496.0,270320.0,545.0,892.0,"Just Chatting,Hogwarts Legacy,Returnal,Spark in the Dark,Warlander,The Wolf Among Us,Stumble Guys,Among Us",1
2023-02-19,2023-02-18 02:37:00,428.0,188320.0,440.0,571.0,"Just Chatting,Cult of the Lamb,Fall Guys",1
2023-02-20,2023-02-19 03:47:00,703.0,506863.0,721.0,916.0,"Just Chatting,Sekiro: Shadows Die Twice",1
2023-02-21,2023-02-20 03:00:00,435.0,246210.0,566.0,733.0,Sekiro: Shadows Die Twice,1
2023-02-22,2023-02-20 03:00:00,435.0,246210.0,566.0,733.0,Sekiro: Shadows Die Twice,0
2023-02-23,2023-02-21 05:48:00,732.0,375516.0,513.0,608.0,"Sekiro: Shadows Die Twice,Just Chatting",1
2023-02-24,2023-02-23 02:40:00,530.0,268180.0,506.0,630.0,"Sekiro: Shadows Die Twice,League of Legends,Just Chatting",1
2023-02-25,2023-02-24 01:19:00,446.0,212742.0,477.0,698.0,"New World: Aeternum,Just Chatting,Diablo II: Resurrected,Are You Smarter Than a 5th Grader?,Wo Long: Fallen Dynasty",1
2023-02-26,2023-02-25 14:49:00,401.0,150375.0,375.0,1269.0,"Just Chatting,HITMAN World of Assassination",1
2023-02-27,2023-02-26 03:56:00,184.0,64400.0,350.0,487.0,FINAL FANTASY VII REMAKE,1
2023-02-28,2023-02-27 03:05:00,520.0,348920.0,671.0,2195.0,"Just Chatting,Code Vein,Diablo III",1
2023-03-01,2023-02-27 03:05:00,520.0,348920.0,671.0,2195.0,"Just Chatting,Code Vein,Diablo III",0
2023-03-02,2023-02-28 17:31:00,674.0,230508.0,342.0,546.0,"Just Chatting,OCTOPATH TRAVELER II,Special Events,Path of Exile,Code Vein",1
2023-03-03,2023-03-02 17:21:00,384.0,124800.0,325.0,450.0,"DARK SOULS III,Just Chatting,Escape Simulator",1
2023-03-04,2023-03-03 09:01:00,419.0,247629.0,591.0,1212.0,Destiny 2,1
2023-03-05,2023-03-04 05:10:00,440.0,190960.0,434.0,570.0,"Just Chatting,Destiny 2",1
2023-03-06,2023-03-04 05:10:00,440.0,190960.0,434.0,570.0,"Just Chatting,Destiny 2",0
2023-03-07,2023-03-05 06:41:00,454.0,173882.0,383.0,495.0,Chivalry 2,1
2023-03-08,2023-03-07 02:48:00,447.0,213666.0,478.0,699.0,"Just Chatting,Diablo IV,Baldur's Gate 3,Chivalry 2,The Binding of Isaac: Repentance",1
2023-03-09,2023-03-08 02:34:00,551.0,210482.0,382.0,474.0,Wo Long: Fallen Dynasty,1
2023-03-10,2023-03-09 03:00:00,615.0,284745.0,463.0,1672.0,Wo Long: Fallen Dynasty,1
2023-03-11,2023-03-10 02:02:00,568.0,506656.0,892.0,1084.0,Last Epoch,1
2023-03-12,2023-03-11 04:06:00,474.0,347916.0,734.0,1019.0,Last Epoch,1
2023-03-13,2023-03-12 02:38:00,547.0,537154.0,982.0,1975.0,Last Epoch,1
2023-03-14,2023-03-13 04:01:00,404.0,189880.0,470.0,648.0,"Just Chatting,Last Epoch,Wo Long: Fallen Dynasty",1
2023-03-15,2023-03-14 02:35:00,205.0,78105.0,381.0,544.0,Just Chatting,1
2023-03-16,2023-03-15 01:34:00,401.0,166816.0,416.0,607.0,"Sons of the Forest,Noita,Just Chatting",1
2023-03-17,2023-03-16 19:27:00,243.0,56862.0,234.0,325.0,"Just Chatting,World of Warcraft",1
2023-03-18,2023-03-17 06:28:00,917.0,771197.0,841.0,1826.0,"Just Chatting,World of Warcraft,Diablo IV",1
2023-03-19,2023-03-18 08:52:00,368.0,291456.0,792.0,1047.0,Diablo IV,1
2023-03-20,2023-03-19 01:36:00,324.0,192132.0,593.0,869.0,Diablo IV,1
2023-03-21,2023-03-20 01:35:00,550.0,333850.0,607.0,1046.0,"Diablo IV,World of Warcraft",1
2023-03-22,2023-03-21 01:16:00,704.0,247808.0,352.0,486.0,World of Warcraft,1
2023-03-23,2023-03-22 01:33:00,627.0,230736.0,368.0,506.0,World of Warcraft,1
2023-03-24,2023-03-23 04:16:00,584.0,234768.0,402.0,596.0,World of Warcraft,1
2023-03-25,2023-03-24 04:36:00,534.0,205590.0,385.0,500.0,World of Warcraft,1
2023-03-26,2023-03-25 04:45:00,600.0,162600.0,271.0,342.0,World of Warcraft,1
2023-03-27,2023-03-26 03:17:00,508.0,139192.0,274.0,363.0,World of Warcraft,0
2023-03-28,2023-03-26 23:38:00,427.0,108031.0,253.0,356.0,World of Warcraft,1
2023-03-29,2023-03-28 15:05:00,595.0,122570.0,206.0,295.0,World of Warcraft,1
2023-03-30,2023-03-29 03:45:00,15.0,855.0,57.0,86.0,World of Warcraft,1
2023-03-31,2023-03-30 03:21:00,414.0,200376.0,484.0,1129.0,World of Warcraft,1
2023-04-01,2023-03-31 01:00:00,330.0,362670.0,1099.0,2052.0,Path of Exile,1
2023-04-02,2023-04-01 01:35:00,190.0,166440.0,876.0,1645.0,Path of Exile,0
2023-04-03,2023-04-01 15:16:00,89.0,52332.0,588.0,987.0,Path of Exile,1
2023-04-04,2023-04-03 02:04:00,161.0,147798.0,918.0,1313.0,Path of Exile,0
2023-04-05,2023-04-03 13:53:00,202.0,185840.0,920.0,1896.0,Path of Exile,1
2023-04-06,2023-04-05 01:23:00,367.0,322960.0,880.0,1329.0,"Path of Exile,World of Warcraft,Just Chatting",1
2023-04-07,2023-04-06 01:34:00,236.0,239540.0,1015.0,1552.0,Path of Exile,1
2023-04-08,2023-04-06 01:34:00,236.0,239540.0,1015.0,1552.0,Path of Exile,0
2023-04-09,2023-04-07 17:13:00,1322.0,1947306.0,1473.0,1910.0,Path of Exile,1
2023-04-10,2023-04-09 02:28:00,752.0,1214480.0,1615.0,1926.0,Path of Exile,1
2023-04-11,2023-04-10 07:20:00,280.0,400680.0,1431.0,1661.0,Path of Exile,1
2023-04-12,2023-04-11 01:42:00,513.0,1019331.0,1987.0,2914.0,Path of Exile,1
2023-04-13,2023-04-12 02:01:00,494.0,830414.0,1681.0,2058.0,Path of Exile,1
2023-04-14,2023-04-13 01:16:00,464.0,770240.0,1660.0,2229.0,Path of Exile,1
2023-04-15,2023-04-14 01:47:00,433.0,648634.0,1498.0,1968.0,Path of Exile,1
2023-04-16,2023-04-15 02:01:00,464.0,812464.0,1751.0,2164.0,Path of Exile,1
2023-04-17,2023-04-15 02:01:00,464.0,812464.0,1751.0,2164.0,Path of Exile,0
2023-04-18,2023-04-16 02:05:00,475.0,853575.0,1797.0,2396.0,Path of Exile,1
2023-04-19,2023-04-16 02:05:00,475.0,853575.0,1797.0,2396.0,Path of Exile,0
2023-04-20,2023-04-18 01:49:00,446.0,731886.0,1641.0,2411.0,Path of Exile,1
2023-04-21,2023-04-20 09:12:00,168.0,185976.0,1107.0,1295.0,Path of Exile,1
2023-04-22,2023-04-21 01:43:00,557.0,901226.0,1618.0,2087.0,Path of Exile,1
2023-04-23,2023-04-22 02:29:00,481.0,1233284.0,2564.0,3449.0,Path of Exile,1
2023-04-24,2023-04-22 02:29:00,481.0,1233284.0,2564.0,3449.0,Path of Exile,0
2023-04-25,2023-04-23 01:49:00,446.0,917422.0,2057.0,3202.0,Path of Exile,1
2023-04-26,2023-04-25 04:04:00,551.0,897579.0,1629.0,2200.0,Path of Exile,0
2023-04-27,2023-04-25 23:37:00,533.0,659854.0,1238.0,1621.0,"Path of Exile,Honkai: Star Rail",1
2023-04-28,2023-04-27 02:00:00,495.0,858825.0,1735.0,2380.0,"Path of Exile,Honkai: Star Rail",1
2023-04-29,2023-04-27 02:00:00,495.0,858825.0,1735.0,2380.0,"Path of Exile,Honkai: Star Rail",0
2023-04-30,2023-04-28 02:20:00,490.0,614950.0,1255.0,1805.0,"Path of Exile,Honkai: Star Rail",1
2023-05-01,2023-04-30 10:33:00,492.0,325212.0,661.0,1065.0,"Path of Exile,Honkai: Star Rail,Star Wars Jedi: Survivor",1
2023-05-02,2023-05-01 01:02:00,523.0,370284.0,708.0,987.0,"Omega Strikers,Honkai: Star Rail",1
2023-05-03,2023-05-02 01:45:00,510.0,428400.0,840.0,1273.0,"Path of Exile,Torchlight: Infinite,Omega Strikers,Just Chatting,Honkai: Star Rail",1
2023-05-04,2023-05-03 03:06:00,564.0,392544.0,696.0,903.0,"Torchlight: Infinite,Honkai: Star Rail",1
2023-05-05,2023-05-03 03:06:00,564.0,392544.0,696.0,903.0,"Torchlight: Infinite,Honkai: Star Rail",0
2023-05-06,2023-05-04 08:46:00,329.0,176344.0,536.0,747.0,"Torchlight: Infinite,Honkai: Star Rail",1
2023-05-07,2023-05-06 01:50:00,640.0,295040.0,461.0,598.0,"Star Wars Jedi: Survivor,Honkai: Star Rail",1
2023-05-08,2023-05-07 01:32:00,523.0,273529.0,523.0,687.0,"Star Wars Jedi: Survivor,Honkai: Star Rail",1
2023-05-09,2023-05-08 05:23:00,427.0,217770.0,510.0,822.0,Star Wars Jedi: Survivor,1
2023-05-10,2023-05-09 02:23:00,547.0,300850.0,550.0,815.0,"Star Wars Jedi: Survivor,Darkest Dungeon II",0
2023-05-11,2023-05-09 23:05:00,790.0,741020.0,938.0,1212.0,Torchlight: Infinite,1
2023-05-12,2023-05-11 01:34:00,476.0,405076.0,851.0,1061.0,Torchlight: Infinite,1
2023-05-13,2023-05-12 00:40:00,515.0,417150.0,810.0,1020.0,Torchlight: Infinite,1
2023-05-14,2023-05-13 02:38:00,517.0,399124.0,772.0,975.0,"Diablo IV,Torchlight: Infinite",1
2023-05-15,2023-05-14 02:38:00,457.0,309389.0,677.0,921.0,"Diablo IV,Darkest Dungeon II",1
2023-05-16,2023-05-15 06:44:00,271.0,128183.0,473.0,626.0,Darkest Dungeon II,1
2023-05-17,2023-05-16 07:21:00,264.0,124872.0,473.0,662.0,"Torchlight: Infinite,Darkest Dungeon II",1
2023-05-18,2023-05-17 05:47:00,478.0,319304.0,668.0,1060.0,"Torchlight: Infinite,Just Chatting",0
2023-05-19,2023-05-17 23:15:00,465.0,284115.0,611.0,809.0,"V Rising,Honkai: Star Rail,Q REMASTERED",1
2023-05-20,2023-05-19 08:54:00,276.0,105708.0,383.0,546.0,"V Rising,Just Chatting,Cuphead",1
2023-05-21,2023-05-20 02:58:00,377.0,240149.0,637.0,885.0,"Just Chatting,Remnant: From the Ashes,Neon Echo,Q REMASTERED",1
2023-05-22,2023-05-21 02:52:00,488.0,287432.0,589.0,803.0,"Remnant: From the Ashes,Baba is You",1
2023-05-23,2023-05-21 02:52:00,488.0,287432.0,589.0,803.0,"Remnant: From the Ashes,Baba is You",0
2023-05-24,2023-05-22 18:59:00,571.0,632097.0,1107.0,1537.0,Lost Ark,1
2023-05-25,2023-05-24 01:32:00,343.0,280917.0,819.0,1620.0,Lost Ark,0
2023-05-26,2023-05-24 14:11:00,1009.0,957541.0,949.0,1326.0,Lost Ark,1
2023-05-27,2023-05-26 01:32:00,583.0,501963.0,861.0,1336.0,Lost Ark,1
2023-05-28,2023-05-27 05:51:00,519.0,536127.0,1033.0,1278.0,Lost Ark,1
2023-05-29,2023-05-27 05:51:00,519.0,536127.0,1033.0,1278.0,Lost Ark,0
2023-05-30,2023-05-27 05:51:00,519.0,536127.0,1033.0,1278.0,Lost Ark,0
2023-05-31,2023-05-28 21:21:00,624.0,577824.0,926.0,2138.0,Lost Ark,1
2023-06-01,2023-05-31 19:53:00,112.0,34608.0,309.0,637.0,Lost Ark,1
2023-06-02,2023-06-01 21:48:00,507.0,210405.0,415.0,578.0,Diablo IV,1
2023-06-03,2023-06-01 21:48:00,507.0,210405.0,415.0,578.0,Diablo IV,0
2023-06-04,2023-06-02 13:39:00,531.0,203373.0,383.0,522.0,Diablo IV,1
2023-06-05,2023-06-04 05:45:00,570.0,363660.0,638.0,922.0,Diablo IV,1
2023-06-06,2023-06-04 05:45:00,570.0,363660.0,638.0,922.0,Diablo IV,0
2023-06-07,2023-06-05 03:09:00,351.0,179712.0,512.0,639.0,Diablo IV,1
2023-06-08,2023-06-07 02:39:00,306.0,137700.0,450.0,617.0,Diablo IV,1
2023-06-09,2023-06-08 02:46:00,269.0,112442.0,418.0,587.0,"Diablo IV,Lost Ark",1
2023-06-10,2023-06-08 02:46:00,269.0,112442.0,418.0,587.0,"Diablo IV,Lost Ark",0
2023-06-11,2023-06-08 02:46:00,269.0,112442.0,418.0,587.0,"Diablo IV,Lost Ark",0
2023-06-12,2023-06-09 22:46:00,494.0,184756.0,374.0,510.0,"Just Chatting,Lost Ark",1
2023-06-13,2023-06-12 01:45:00,405.0,171720.0,424.0,597.0,"Just Chatting,Lies of P,Lost Ark",1
2023-06-14,2023-06-13 21:36:00,354.0,196824.0,556.0,2324.0,"Just Chatting,Lost Ark",1
2023-06-15,2023-06-14 11:07:00,683.0,248612.0,364.0,509.0,"Just Chatting,Lost Ark",1
2023-06-16,2023-06-14 11:07:00,683.0,248612.0,364.0,509.0,"Just Chatting,Lost Ark",0
2023-06-17,2023-06-15 23:44:00,496.0,170128.0,343.0,467.0,Lost Ark,1
2023-06-18,2023-06-15 23:44:00,496.0,170128.0,343.0,467.0,Lost Ark,0
2023-06-19,2023-06-17 01:38:00,322.0,95634.0,297.0,418.0,"Just Chatting,Lost Ark",1
2023-06-20,2023-06-19 02:02:00,403.0,181350.0,450.0,578.0,"BLUE PROTOCOL,Only Up!",1
2023-06-21,2023-06-20 01:44:00,361.0,139346.0,386.0,563.0,Only Up!,1
2023-06-22,2023-06-21 00:58:00,332.0,128152.0,386.0,559.0,"Only Up!,BattleBit Remastered",1
2023-06-23,2023-06-22 01:35:00,355.0,143420.0,404.0,588.0,"Just Chatting,Lost Ark",1
2023-06-24,2023-06-23 02:27:00,318.0,77910.0,245.0,360.0,BattleBit Remastered,1
2023-06-25,2023-06-23 02:27:00,318.0,77910.0,245.0,360.0,BattleBit Remastered,0
2023-06-26,2023-06-24 01:34:00,281.0,63506.0,226.0,502.0,BattleBit Remastered,1
2023-06-27,2023-06-26 01:45:00,360.0,99720.0,277.0,341.0,"Just Chatting,World of Warcraft",1
2023-06-28,2023-06-27 01:03:00,477.0,121158.0,254.0,421.0,World of Warcraft,1
2023-06-29,2023-06-28 00:34:00,506.0,92598.0,183.0,247.0,World of Warcraft,1
2023-06-30,2023-06-29 02:23:00,397.0,77415.0,195.0,245.0,World of Warcraft,1
2023-07-01,2023-06-30 02:01:00,479.0,92926.0,194.0,260.0,World of Warcraft,1
2023-07-02,2023-07-01 00:35:00,430.0,83850.0,195.0,278.0,World of Warcraft,1
2023-07-03,2023-07-01 00:35:00,430.0,83850.0,195.0,278.0,World of Warcraft,0
2023-07-04,2023-07-02 03:23:00,457.0,132987.0,291.0,366.0,"Superliminal,World of Warcraft",1
2023-07-05,2023-07-04 03:02:00,343.0,94668.0,276.0,377.0,"Dave the Diver,BattleBit Remastered",1
2023-07-06,2023-07-05 00:08:00,652.0,148656.0,228.0,319.0,World of Warcraft,1
2023-07-07,2023-07-06 00:26:00,364.0,62972.0,173.0,264.0,World of Warcraft,1
2023-07-08,2023-07-07 01:53:00,262.0,56068.0,214.0,320.0,"Just Chatting,World of Warcraft",1
2023-07-09,2023-07-08 01:44:00,271.0,69647.0,257.0,359.0,The Stanley Parable: Ultra Deluxe,1
2023-07-10,2023-07-09 01:37:00,443.0,112079.0,253.0,325.0,"World of Warcraft,Just Chatting,The Looker",1
2023-07-11,2023-07-10 02:15:00,450.0,209700.0,466.0,653.0,Halls of Torment,1
2023-07-12,2023-07-11 02:42:00,438.0,207174.0,473.0,621.0,Halls of Torment,1
2023-07-13,2023-07-12 01:47:00,313.0,101725.0,325.0,448.0,"Halls of Torment,Outer Wilds,The Witness,World of Warcraft",1
2023-07-14,2023-07-13 02:04:00,401.0,105864.0,264.0,399.0,"Just Chatting,20 Minutes Till Dawn,World of Warcraft",1
2023-07-15,2023-07-13 02:04:00,401.0,105864.0,264.0,399.0,"Just Chatting,20 Minutes Till Dawn,World of Warcraft",0
2023-07-16,2023-07-14 03:23:00,217.0,59024.0,272.0,443.0,"Just Chatting,Welcome to the Game II",1
2023-07-17,2023-07-16 01:49:00,446.0,305510.0,685.0,1013.0,"Just Chatting,Welcome to the Game II,Black Desert",1
2023-07-18,2023-07-17 02:10:00,380.0,455620.0,1199.0,2331.0,Black Desert,1
2023-07-19,2023-07-18 02:05:00,430.0,330240.0,768.0,1200.0,Black Desert,1
2023-07-20,2023-07-19 02:17:00,358.0,113128.0,316.0,423.0,Viewfinder,1
2023-07-21,2023-07-20 07:09:00,366.0,96624.0,264.0,348.0,"Just Chatting,World of Warcraft",1
2023-07-22,2023-07-21 01:53:00,292.0,104244.0,357.0,474.0,"Diablo IV,League of Legends",0
2023-07-23,2023-07-21 22:59:00,616.0,210056.0,341.0,532.0,Remnant II,1
2023-07-24,2023-07-23 02:20:00,235.0,61805.0,263.0,408.0,Remnant II,1
2023-07-25,2023-07-24 03:10:00,335.0,96480.0,288.0,393.0,Remnant II,1
2023-07-26,2023-07-24 03:10:00,335.0,96480.0,288.0,393.0,Remnant II,0
2023-07-27,2023-07-24 03:10:00,335.0,96480.0,288.0,393.0,Remnant II,0
2023-07-28,2023-07-25 02:12:00,468.0,130104.0,278.0,379.0,"Remnant II,Just Chatting",1
2023-07-29,2023-07-28 01:46:00,404.0,294112.0,728.0,899.0,Path of Exile,0
2023-07-30,2023-07-28 20:34:00,416.0,514592.0,1237.0,2002.0,Path of Exile,1
2023-07-31,2023-07-28 20:34:00,416.0,514592.0,1237.0,2002.0,Path of Exile,0
2023-08-01,2023-07-30 03:00:00,435.0,810840.0,1864.0,4571.0,Path of Exile,1
2023-08-02,2023-08-01 09:06:00,444.0,371628.0,837.0,1043.0,Baldur's Gate 3,1
2023-08-03,2023-08-02 17:01:00,254.0,149860.0,590.0,907.0,Path of Exile,1
2023-08-04,2023-08-03 13:10:00,785.0,475710.0,606.0,893.0,Baldur's Gate 3,1
2023-08-05,2023-08-03 13:10:00,785.0,475710.0,606.0,893.0,Baldur's Gate 3,0
2023-08-06,2023-08-04 19:21:00,489.0,228852.0,468.0,1373.0,Baldur's Gate 3,1
2023-08-07,2023-08-06 01:30:00,435.0,196620.0,452.0,737.0,Baldur's Gate 3,1
2023-08-08,2023-08-06 01:30:00,435.0,196620.0,452.0,737.0,Baldur's Gate 3,0
2023-08-09,2023-08-07 01:25:00,440.0,194040.0,441.0,918.0,Baldur's Gate 3,1
2023-08-10,2023-08-09 01:10:00,605.0,192995.0,319.0,399.0,Baldur's Gate 3,1
2023-08-11,2023-08-10 01:18:00,432.0,128304.0,297.0,440.0,Baldur's Gate 3,1
2023-08-12,2023-08-11 01:11:00,364.0,335608.0,922.0,1195.0,Path of Exile,1
2023-08-13,2023-08-12 01:14:00,391.0,287776.0,736.0,1833.0,Path of Exile,1
2023-08-14,2023-08-13 02:11:00,484.0,292820.0,605.0,1060.0,"Just Chatting,Path of Exile,Baldur's Gate 3",1
2023-08-15,2023-08-14 02:50:00,490.0,230300.0,470.0,1167.0,Baldur's Gate 3,1
2023-08-16,2023-08-15 01:31:00,419.0,300004.0,716.0,1194.0,Path of Exile,1
2023-08-17,2023-08-16 01:52:00,278.0,208500.0,750.0,1054.0,"Path of Exile,Hammerwatch II,Disfigure",1
2023-08-18,2023-08-17 01:49:00,281.0,253743.0,903.0,1276.0,Path of Exile,1
2023-08-19,2023-08-18 18:13:00,977.0,1108895.0,1135.0,1549.0,Path of Exile,1
2023-08-20,2023-08-18 18:13:00,977.0,1108895.0,1135.0,1549.0,Path of Exile,0
2023-08-21,2023-08-19 23:38:00,652.0,816956.0,1253.0,1698.0,Path of Exile,1
2023-08-22,2023-08-21 00:56:00,574.0,781214.0,1361.0,1694.0,Path of Exile,1
2023-08-23,2023-08-22 01:31:00,419.0,510342.0,1218.0,1552.0,Path of Exile,1
2023-08-24,2023-08-23 02:03:00,492.0,609588.0,1239.0,1493.0,Path of Exile,1
2023-08-25,2023-08-24 01:46:00,524.0,653952.0,1248.0,1696.0,Path of Exile,1
2023-08-26,2023-08-25 01:02:00,538.0,617086.0,1147.0,1680.0,Path of Exile,1
2023-08-27,2023-08-26 01:14:00,511.0,735840.0,1440.0,1941.0,Path of Exile,1
2023-08-28,2023-08-27 01:50:00,475.0,672125.0,1415.0,1984.0,Path of Exile,1
2023-08-29,2023-08-28 01:40:00,575.0,917700.0,1596.0,2567.0,Path of Exile,1
2023-08-30,2023-08-29 01:37:00,428.0,514028.0,1201.0,1512.0,Path of Exile,1
2023-08-31,2023-08-30 02:07:00,428.0,562392.0,1314.0,1756.0,Path of Exile,1
2023-09-01,2023-08-31 02:07:00,443.0,676904.0,1528.0,1946.0,Path of Exile,1
2023-09-02,2023-09-01 01:45:00,585.0,725400.0,1240.0,1633.0,Path of Exile,1
2023-09-03,2023-09-02 01:46:00,554.0,913546.0,1649.0,2072.0,Path of Exile,1
2023-09-04,2023-09-03 01:35:00,475.0,698250.0,1470.0,2109.0,Path of Exile,1
2023-09-05,2023-09-04 00:34:00,581.0,1106224.0,1904.0,2717.0,Path of Exile,1
2023-09-06,2023-09-05 01:39:00,531.0,1029078.0,1938.0,2400.0,Path of Exile,1
2023-09-07,2023-09-06 01:44:00,496.0,790624.0,1594.0,2198.0,Path of Exile,1
2023-09-08,2023-09-07 01:33:00,537.0,958008.0,1784.0,2623.0,Path of Exile,1
2023-09-09,2023-09-08 01:14:00,451.0,549769.0,1219.0,2069.0,"Path of Exile,Torchlight: Infinite",1
2023-09-10,2023-09-09 01:00:00,525.0,717675.0,1367.0,2330.0,"Path of Exile,Torchlight: Infinite",1
2023-09-11,2023-09-10 01:24:00,501.0,865728.0,1728.0,2773.0,Path of Exile,1
2023-09-12,2023-09-11 01:29:00,511.0,745549.0,1459.0,1995.0,Path of Exile,1
2023-09-13,2023-09-12 01:31:00,494.0,674804.0,1366.0,1822.0,Path of Exile,1
2023-09-14,2023-09-13 01:33:00,432.0,505440.0,1170.0,1466.0,Path of Exile,1
2023-09-15,2023-09-14 00:58:00,587.0,797733.0,1359.0,1828.0,Path of Exile,1
2023-09-16,2023-09-15 01:17:00,508.0,588264.0,1158.0,1592.0,Path of Exile,1
2023-09-17,2023-09-16 01:11:00,589.0,851694.0,1446.0,2022.0,Path of Exile,1
2023-09-18,2023-09-17 01:14:00,541.0,919159.0,1699.0,2471.0,Path of Exile,1
2023-09-19,2023-09-18 01:43:00,557.0,909024.0,1632.0,2403.0,Path of Exile,1
2023-09-20,2023-09-19 00:59:00,496.0,726144.0,1464.0,2038.0,Path of Exile,1
2023-09-21,2023-09-20 00:35:00,595.0,1351840.0,2272.0,3418.0,Path of Exile,1
2023-09-22,2023-09-21 01:07:00,563.0,1263372.0,2244.0,3479.0,Path of Exile,1
2023-09-23,2023-09-22 00:56:00,544.0,1071680.0,1970.0,2674.0,Path of Exile,1
2023-09-24,2023-09-23 01:31:00,569.0,1211970.0,2130.0,3126.0,Path of Exile,1
2023-09-25,2023-09-24 01:12:00,558.0,1277820.0,2290.0,3172.0,Path of Exile,1
2023-09-26,2023-09-25 00:41:00,574.0,1225490.0,2135.0,2654.0,Path of Exile,1
2023-09-27,2023-09-26 00:56:00,529.0,1228867.0,2323.0,3282.0,Path of Exile,1
2023-09-28,2023-09-27 00:51:00,519.0,925896.0,1784.0,2595.0,Path of Exile,1
2023-09-29,2023-09-28 00:08:00,562.0,847496.0,1508.0,2491.0,Path of Exile,1
2023-09-30,2023-09-29 00:32:00,553.0,990976.0,1792.0,2610.0,Path of Exile,1
2023-10-01,2023-09-30 00:59:00,511.0,1083831.0,2121.0,3235.0,Path of Exile,1
2023-10-02,2023-10-01 00:46:00,554.0,1091934.0,1971.0,2704.0,Path of Exile,1
2023-10-03,2023-10-02 00:47:00,568.0,949696.0,1672.0,2239.0,Path of Exile,1
2023-10-04,2023-10-03 00:46:00,479.0,822922.0,1718.0,2503.0,Path of Exile,1
2023-10-05,2023-10-04 01:29:00,511.0,745038.0,1458.0,1867.0,Path of Exile,1
2023-10-06,2023-10-05 00:27:00,543.0,788979.0,1453.0,1965.0,Path of Exile,1
2023-10-07,2023-10-06 00:46:00,434.0,606732.0,1398.0,1783.0,Path of Exile,1
2023-10-08,2023-10-07 01:13:00,557.0,997587.0,1791.0,2656.0,Path of Exile,1
2023-10-09,2023-10-08 00:47:00,433.0,665954.0,1538.0,2105.0,Path of Exile,1
2023-10-10,2023-10-09 00:51:00,519.0,898389.0,1731.0,4119.0,Path of Exile,1
2023-10-11,2023-10-10 00:35:00,550.0,803000.0,1460.0,2019.0,Path of Exile,1
2023-10-12,2023-10-11 00:47:00,478.0,676848.0,1416.0,1959.0,Path of Exile,1
2023-10-13,2023-10-12 00:41:00,574.0,808766.0,1409.0,1936.0,Path of Exile,1
2023-10-14,2023-10-13 01:03:00,552.0,740784.0,1342.0,1912.0,Path of Exile,1
2023-10-15,2023-10-14 00:49:00,536.0,798104.0,1489.0,1986.0,Path of Exile,1
2023-10-16,2023-10-15 00:58:00,572.0,840268.0,1469.0,2332.0,Path of Exile,1
2023-10-17,2023-10-16 00:43:00,497.0,691327.0,1391.0,1919.0,Path of Exile,1
2023-10-18,2023-10-17 00:48:00,477.0,594342.0,1246.0,1875.0,Path of Exile,1
2023-10-19,2023-10-18 00:56:00,529.0,524239.0,991.0,1278.0,Path of Exile,1
2023-10-20,2023-10-19 01:01:00,524.0,562776.0,1074.0,1488.0,Path of Exile,1
2023-10-21,2023-10-20 01:29:00,496.0,674064.0,1359.0,1777.0,Path of Exile,1
2023-10-22,2023-10-21 01:04:00,491.0,631426.0,1286.0,1856.0,Path of Exile,1
2023-10-23,2023-10-22 01:26:00,499.0,676644.0,1356.0,2006.0,Path of Exile,1
2023-10-24,2023-10-23 01:25:00,455.0,621075.0,1365.0,2354.0,Path of Exile,1
2023-10-25,2023-10-23 01:25:00,455.0,621075.0,1365.0,2354.0,Path of Exile,0
2023-10-26,2023-10-23 01:25:00,455.0,621075.0,1365.0,2354.0,Path of Exile,0
2023-10-27,2023-10-24 01:06:00,249.0,252486.0,1014.0,1570.0,Path of Exile,1
2023-10-28,2023-10-27 01:09:00,396.0,420552.0,1062.0,1839.0,Path of Exile,1
2023-10-29,2023-10-28 00:17:00,373.0,303995.0,815.0,1243.0,"Path of Exile,Torchlight: Infinite",1
2023-10-30,2023-10-28 00:17:00,373.0,303995.0,815.0,1243.0,"Path of Exile,Torchlight: Infinite",0
2023-10-31,2023-10-29 00:24:00,486.0,506898.0,1043.0,1783.0,"Path of Exile,Torchlight: Infinite",1
2023-11-01,2023-10-31 00:46:00,479.0,409066.0,854.0,1277.0,"Path of Exile,Alan Wake II",1
2023-11-02,2023-11-01 01:12:00,423.0,265644.0,628.0,962.0,"Alan Wake II,Path of Exile,Love Is All Around",1
2023-11-03,2023-11-02 01:44:00,421.0,217236.0,516.0,688.0,Lies of P,1
2023-11-04,2023-11-03 01:11:00,454.0,340500.0,750.0,928.0,"Lies of P,Warcraft Rumble",1
2023-11-05,2023-11-04 02:10:00,485.0,229890.0,474.0,599.0,"Just Chatting,Warcraft Rumble,Lies of P",1
2023-11-06,2023-11-05 01:29:00,421.0,338905.0,805.0,1133.0,Warcraft Rumble,1
2023-11-07,2023-11-06 02:23:00,397.0,310057.0,781.0,1177.0,"Warcraft Rumble,World of Warcraft",1
2023-11-08,2023-11-07 02:12:00,588.0,305760.0,520.0,832.0,"Warcraft Rumble,Lies of P",1
2023-11-09,2023-11-08 02:52:00,488.0,203496.0,417.0,553.0,"Just Chatting,Lies of P",1
2023-11-10,2023-11-09 02:42:00,348.0,160080.0,460.0,572.0,"Just Chatting,Kannagi Usagi,Half Sword",1
2023-11-11,2023-11-10 02:35:00,535.0,291575.0,545.0,780.0,"World of Warcraft,Just Chatting",1
2023-11-12,2023-11-11 02:42:00,513.0,239571.0,467.0,622.0,"World of Warcraft,Just Chatting,Backpack Battles",1
2023-11-13,2023-11-12 15:33:00,342.0,132354.0,387.0,569.0,"Just Chatting,World of Warcraft",1
2023-11-14,2023-11-13 02:31:00,239.0,120456.0,504.0,747.0,"Just Chatting,Backpack Battles",1
2023-11-15,2023-11-14 17:47:00,583.0,188309.0,323.0,503.0,World of Warcraft,1
2023-11-16,2023-11-15 04:36:00,114.0,27702.0,243.0,342.0,World of Warcraft,1
2023-11-17,2023-11-16 02:27:00,498.0,178782.0,359.0,470.0,World of Warcraft,1
2023-11-18,2023-11-17 03:43:00,452.0,154132.0,341.0,497.0,World of Warcraft,1
2023-11-19,2023-11-18 03:17:00,373.0,115257.0,309.0,517.0,World of Warcraft,1
2023-11-20,2023-11-19 02:12:00,468.0,211536.0,452.0,643.0,World of Warcraft,1
2023-11-21,2023-11-20 02:42:00,453.0,160815.0,355.0,497.0,World of Warcraft,1
2023-11-22,2023-11-21 02:37:00,428.0,148516.0,347.0,472.0,World of Warcraft,1
2023-11-23,2023-11-21 02:37:00,428.0,148516.0,347.0,472.0,World of Warcraft,0
2023-11-24,2023-11-22 02:19:00,356.0,102528.0,288.0,445.0,World of Warcraft,1
2023-11-25,2023-11-22 02:19:00,356.0,102528.0,288.0,445.0,World of Warcraft,0
2023-11-26,2023-11-24 15:47:00,523.0,154285.0,295.0,483.0,"Death Must Die,World of Warcraft",1
2023-11-27,2023-11-26 02:36:00,489.0,274329.0,561.0,927.0,"Zenless Zone Zero,Death Must Die",1
2023-11-28,2023-11-27 07:35:00,490.0,178360.0,364.0,506.0,"Just Chatting,World of Warcraft",1
2023-11-29,2023-11-28 03:44:00,421.0,183135.0,435.0,667.0,"Just Chatting,World of Warcraft",1
2023-11-30,2023-11-29 07:41:00,484.0,181016.0,374.0,544.0,World of Warcraft,1
2023-12-01,2023-11-30 04:05:00,415.0,147740.0,356.0,507.0,World of Warcraft,1
2023-12-02,2023-11-30 04:05:00,415.0,147740.0,356.0,507.0,World of Warcraft,0
2023-12-03,2023-12-01 19:39:00,486.0,286254.0,589.0,1136.0,"Path of Exile,World of Warcraft",1
2023-12-04,2023-12-01 19:39:00,486.0,286254.0,589.0,1136.0,"Path of Exile,World of Warcraft",0
2023-12-05,2023-12-01 19:39:00,486.0,286254.0,589.0,1136.0,"Path of Exile,World of Warcraft",0
2023-12-06,2023-12-03 19:59:00,541.0,167169.0,309.0,541.0,"Just Chatting,Lethal Company,World of Warcraft",1
2023-12-07,2023-12-06 02:18:00,537.0,520353.0,969.0,1959.0,"Path of Exile,Cyberpunk 2077",1
2023-12-08,2023-12-07 15:57:00,723.0,480795.0,665.0,1548.0,"Path of Exile,World of Warcraft,Special Events",1
2023-12-09,2023-12-08 17:20:00,850.0,1161950.0,1367.0,1964.0,Path of Exile,1
2023-12-10,2023-12-08 17:20:00,850.0,1161950.0,1367.0,1964.0,Path of Exile,0
2023-12-11,2023-12-09 19:12:00,723.0,963036.0,1332.0,2166.0,Path of Exile,1
2023-12-12,2023-12-11 02:15:00,540.0,779760.0,1444.0,2206.0,Path of Exile,1
2023-12-13,2023-12-12 02:39:00,486.0,659502.0,1357.0,1938.0,Path of Exile,1
2023-12-14,2023-12-13 03:48:00,342.0,381330.0,1115.0,1603.0,Path of Exile,1
2023-12-15,2023-12-14 01:20:00,430.0,599850.0,1395.0,2191.0,Path of Exile,1
2023-12-16,2023-12-15 04:26:00,424.0,495232.0,1168.0,1624.0,Path of Exile,1
2023-12-17,2023-12-16 01:51:00,414.0,509634.0,1231.0,1813.0,Path of Exile,1
2023-12-18,2023-12-17 02:59:00,466.0,724630.0,1555.0,2158.0,Path of Exile,1
2023-12-19,2023-12-17 02:59:00,466.0,724630.0,1555.0,2158.0,Path of Exile,0
2023-12-20,2023-12-18 20:25:00,470.0,723330.0,1539.0,2221.0,Path of Exile,1
2023-12-21,2023-12-20 00:52:00,413.0,728119.0,1763.0,2678.0,Path of Exile,1
2023-12-22,2023-12-21 00:51:00,444.0,632700.0,1425.0,2300.0,Path of Exile,1
2023-12-23,2023-12-22 00:55:00,440.0,891000.0,2025.0,3140.0,Path of Exile,1
2023-12-24,2023-12-23 01:56:00,499.0,863769.0,1731.0,2564.0,Path of Exile,1
2023-12-25,2023-12-24 01:30:00,450.0,810000.0,1800.0,2825.0,"Path of Exile,Torchlight: Infinite",1
2023-12-26,2023-12-24 01:30:00,450.0,810000.0,1800.0,2825.0,"Path of Exile,Torchlight: Infinite",0
2023-12-27,2023-12-25 03:54:00,426.0,926550.0,2175.0,3982.0,Path of Exile,1
2023-12-28,2023-12-27 23:47:00,568.0,1105328.0,1946.0,2599.0,Path of Exile,1
2023-12-29,2023-12-27 23:47:00,568.0,1105328.0,1946.0,2599.0,Path of Exile,0
2023-12-30,2023-12-28 23:05:00,685.0,970645.0,1417.0,2524.0,"Path of Exile,Torchlight: Infinite",1
2023-12-31,2023-12-30 02:24:00,651.0,1443267.0,2217.0,3341.0,Path of Exile,1
2024-01-01,2023-12-30 02:24:00,651.0,1443267.0,2217.0,3341.0,Path of Exile,0
2024-01-02,2023-12-31 00:27:00,543.0,1064280.0,1960.0,2749.0,Path of Exile,1
2024-01-03,2024-01-02 01:56:00,544.0,985728.0,1812.0,2804.0,Path of Exile,1
2024-01-04,2024-01-03 00:30:00,645.0,1346760.0,2088.0,2581.0,Path of Exile,1
2024-01-05,2024-01-04 00:42:00,768.0,1691136.0,2202.0,2969.0,Path of Exile,1
2024-01-06,2024-01-05 01:39:00,606.0,1330170.0,2195.0,3722.0,Path of Exile,1
2024-01-07,2024-01-06 00:23:00,712.0,1720192.0,2416.0,3749.0,Path of Exile,1
2024-01-08,2024-01-07 02:03:00,522.0,1134828.0,2174.0,3139.0,Path of Exile,1
2024-01-09,2024-01-08 00:42:00,618.0,1265664.0,2048.0,2688.0,Path of Exile,1
2024-01-10,2024-01-09 01:21:00,699.0,1417572.0,2028.0,2923.0,Path of Exile,1
2024-01-11,2024-01-10 01:31:00,824.0,1692496.0,2054.0,2602.0,Path of Exile,1
2024-01-12,2024-01-11 01:26:00,724.0,1495060.0,2065.0,2644.0,Path of Exile,1
2024-01-13,2024-01-12 01:27:00,618.0,1210662.0,1959.0,2681.0,Path of Exile,1
2024-01-14,2024-01-13 01:29:00,616.0,1148224.0,1864.0,2727.0,Path of Exile,1
2024-01-15,2024-01-14 02:07:00,698.0,1395302.0,1999.0,2838.0,"Path of Exile,Torchlight: Infinite",1
2024-01-16,2024-01-15 01:52:00,713.0,1201405.0,1685.0,2388.0,"Torchlight: Infinite,Path of Exile",1
2024-01-17,2024-01-16 01:38:00,652.0,1347032.0,2066.0,2982.0,Path of Exile,1
2024-01-18,2024-01-17 01:41:00,604.0,1181424.0,1956.0,2448.0,Path of Exile,1
2024-01-19,2024-01-18 00:51:00,669.0,1622325.0,2425.0,3213.0,Path of Exile,1
2024-01-20,2024-01-19 01:50:00,715.0,1406405.0,1967.0,2472.0,Path of Exile,1
2024-01-21,2024-01-20 01:57:00,543.0,777576.0,1432.0,2197.0,"Torchlight: Infinite,Path of Exile",1
2024-01-22,2024-01-21 01:56:00,559.0,1661348.0,2972.0,4106.0,Path of Exile,1
2024-01-23,2024-01-22 01:00:00,735.0,1500135.0,2041.0,3544.0,"Torchlight: Infinite,Path of Exile",1
2024-01-24,2024-01-23 01:55:00,605.0,1343100.0,2220.0,3120.0,Path of Exile,1
2024-01-25,2024-01-24 01:03:00,627.0,1123584.0,1792.0,2816.0,Path of Exile,1
2024-01-26,2024-01-25 01:37:00,683.0,1252622.0,1834.0,2620.0,Path of Exile,1
2024-01-27,2024-01-26 01:42:00,603.0,1104093.0,1831.0,2503.0,Path of Exile,1
2024-01-28,2024-01-27 01:29:00,676.0,1127568.0,1668.0,2456.0,"Torchlight: Infinite,Path of Exile",1
2024-01-29,2024-01-28 02:21:00,519.0,910326.0,1754.0,2521.0,Path of Exile,1
2024-01-30,2024-01-29 01:49:00,551.0,817133.0,1483.0,2053.0,"Torchlight: Infinite,Path of Exile",1
2024-01-31,2024-01-30 03:00:00,630.0,936180.0,1486.0,2071.0,Path of Exile,1
2024-02-01,2024-01-31 02:02:00,538.0,864028.0,1606.0,2216.0,Path of Exile,1
2024-02-02,2024-02-01 02:09:00,561.0,764082.0,1362.0,1812.0,Path of Exile,1
2024-02-03,2024-02-02 03:45:00,570.0,992940.0,1742.0,2943.0,Path of Exile,1
2024-02-04,2024-02-03 06:28:00,452.0,567712.0,1256.0,1532.0,Path of Exile,1
2024-02-05,2024-02-04 03:47:00,523.0,658980.0,1260.0,1652.0,Path of Exile,1
2024-02-06,2024-02-05 03:15:00,570.0,640680.0,1124.0,1579.0,Path of Exile,1
2024-02-07,2024-02-06 02:10:00,500.0,596000.0,1192.0,1615.0,Path of Exile,1
2024-02-08,2024-02-06 02:10:00,500.0,596000.0,1192.0,1615.0,Path of Exile,0
2024-02-09,2024-02-06 02:10:00,500.0,596000.0,1192.0,1615.0,Path of Exile,0
2024-02-10,2024-02-07 02:37:00,578.0,438124.0,758.0,943.0,"Palworld,Torchlight: Infinite",1
2024-02-11,2024-02-10 02:41:00,499.0,688620.0,1380.0,1845.0,Last Epoch,1
2024-02-12,2024-02-11 02:34:00,566.0,744290.0,1315.0,1933.0,Last Epoch,1
2024-02-13,2024-02-11 02:34:00,566.0,744290.0,1315.0,1933.0,Last Epoch,0
2024-02-14,2024-02-11 02:34:00,566.0,744290.0,1315.0,1933.0,Last Epoch,0
2024-02-15,2024-02-12 06:25:00,470.0,557890.0,1187.0,1569.0,"Path of Exile,Last Epoch",1
2024-02-16,2024-02-15 08:22:00,428.0,429712.0,1004.0,1555.0,Last Epoch,1
2024-02-17,2024-02-16 02:19:00,476.0,538356.0,1131.0,1561.0,Last Epoch,1
2024-02-18,2024-02-17 09:39:00,531.0,707292.0,1332.0,1897.0,Deep Rock Galactic: Survivor,1
2024-02-19,2024-02-18 06:41:00,514.0,731422.0,1423.0,2066.0,Last Epoch,1
2024-02-20,2024-02-18 06:41:00,514.0,731422.0,1423.0,2066.0,Last Epoch,0
2024-02-21,2024-02-19 05:56:00,379.0,408941.0,1079.0,1575.0,Last Epoch,1
2024-02-22,2024-02-21 21:43:00,17.0,7973.0,469.0,1247.0,Last Epoch,1
2024-02-23,2024-02-22 01:34:00,236.0,197296.0,836.0,1228.0,Last Epoch,1
2024-02-24,2024-02-23 00:14:00,586.0,681518.0,1163.0,2710.0,"Last Epoch,Torchlight: Infinite",1
2024-02-25,2024-02-24 03:17:00,568.0,1189392.0,2094.0,5079.0,Last Epoch,1
2024-02-26,2024-02-25 02:58:00,662.0,1055890.0,1595.0,2538.0,Last Epoch,1
2024-02-27,2024-02-26 09:26:00,394.0,359328.0,912.0,1243.0,Last Epoch,1
2024-02-28,2024-02-27 03:15:00,570.0,385890.0,677.0,909.0,"Just Chatting,Torchlight: Infinite",1
2024-02-29,2024-02-27 03:15:00,570.0,385890.0,677.0,909.0,"Just Chatting,Torchlight: Infinite",0
2024-03-01,2024-02-28 02:54:00,606.0,484194.0,799.0,1395.0,"Last Epoch,Torchlight: Infinite",1
2024-03-02,2024-02-28 02:54:00,606.0,484194.0,799.0,1395.0,"Last Epoch,Torchlight: Infinite",0
2024-03-03,2024-03-01 13:45:00,465.0,240405.0,517.0,1157.0,"Balatro,Lost Ark,Torchlight: Infinite",1
2024-03-04,2024-03-03 03:04:00,536.0,289976.0,541.0,767.0,"Just Chatting,Deep Rock Galactic: Survivor",1
2024-03-05,2024-03-03 03:04:00,536.0,289976.0,541.0,767.0,"Just Chatting,Deep Rock Galactic: Survivor",0
2024-03-06,2024-03-04 02:42:00,468.0,614484.0,1313.0,1708.0,Lost Ark,1
2024-03-07,2024-03-06 02:22:00,473.0,442728.0,936.0,2368.0,"Lost Ark,Balatro",1
2024-03-08,2024-03-07 02:37:00,443.0,473567.0,1069.0,1634.0,Lost Ark,1
2024-03-09,2024-03-07 02:37:00,443.0,473567.0,1069.0,1634.0,Lost Ark,0
2024-03-10,2024-03-08 22:29:00,616.0,459536.0,746.0,1189.0,"A Difficult Game About Climbing,Lost Ark",1
2024-03-11,2024-03-10 02:33:00,492.0,552024.0,1122.0,1837.0,Lost Ark,1
2024-03-12,2024-03-11 02:24:00,306.0,236232.0,772.0,1159.0,"A Difficult Game About Climbing,Dwarven Realms",1
2024-03-13,2024-03-12 01:56:00,469.0,351750.0,750.0,928.0,"Just Chatting,Lost Ark",1
2024-03-14,2024-03-13 03:38:00,457.0,435978.0,954.0,1464.0,"Path of Exile,Just Chatting,Wedding Witch",1
2024-03-15,2024-03-14 00:43:00,482.0,396204.0,822.0,1198.0,"Lost Ark,Just Chatting,Soulstone Survivors",1
2024-03-16,2024-03-14 00:43:00,482.0,396204.0,822.0,1198.0,"Lost Ark,Just Chatting,Soulstone Survivors",0
2024-03-17,2024-03-15 01:40:00,470.0,392920.0,836.0,1157.0,"Just Chatting,Soulstone Survivors",1
2024-03-18,2024-03-17 00:44:00,466.0,422196.0,906.0,1352.0,"Just Chatting,Lost Ark",1
2024-03-19,2024-03-18 00:49:00,506.0,461978.0,913.0,1370.0,"Just Chatting,Vampire Survivors,Halls of Torment",1
2024-03-20,2024-03-19 02:54:00,516.0,469044.0,909.0,1294.0,"Just Chatting,Poly Bridge 3",1
2024-03-21,2024-03-20 01:28:00,437.0,332994.0,762.0,1045.0,"Just Chatting,Oh Deer",0
2024-03-22,2024-03-20 15:09:00,441.0,274302.0,622.0,948.0,Lost Ark,1
2024-03-23,2024-03-22 01:08:00,487.0,610211.0,1253.0,2186.0,"Path of Exile,Just Chatting",1
2024-03-24,2024-03-23 01:58:00,407.0,268620.0,660.0,1027.0,"Just Chatting,Alone in the Dark,Backpack Battles",1
2024-03-25,2024-03-24 01:33:00,477.0,389709.0,817.0,1140.0,"Just Chatting,Backpack Battles",1
2024-03-26,2024-03-25 01:16:00,494.0,371982.0,753.0,1046.0,"Just Chatting,Backpack Battles",1
2024-03-27,2024-03-26 01:39:00,516.0,367392.0,712.0,1008.0,"Just Chatting,Path of Exile,Crab Champions,Backpack Battles",1
2024-03-28,2024-03-27 01:45:00,465.0,432915.0,931.0,1406.0,"Just Chatting,Path of Exile",1
2024-03-29,2024-03-28 01:13:00,437.0,293227.0,671.0,1025.0,"Just Chatting,Little Nightmares II",1
2024-03-30,2024-03-29 02:35:00,250.0,341750.0,1367.0,1957.0,Path of Exile,0
2024-03-31,2024-03-29 17:55:00,815.0,1018750.0,1250.0,1785.0,Path of Exile,1
2024-04-01,2024-03-31 00:44:00,616.0,952336.0,1546.0,2571.0,Path of Exile,1
2024-04-02,2024-04-01 00:18:00,462.0,1162392.0,2516.0,4179.0,Path of Exile,1
2024-04-03,2024-04-02 03:16:00,509.0,761464.0,1496.0,1933.0,Path of Exile,1
2024-04-04,2024-04-03 02:25:00,545.0,1029505.0,1889.0,2629.0,Path of Exile,1
2024-04-05,2024-04-04 01:29:00,541.0,970013.0,1793.0,2452.0,Path of Exile,1
2024-04-06,2024-04-05 01:11:00,574.0,958580.0,1670.0,2260.0,Path of Exile,1
2024-04-07,2024-04-06 02:31:00,539.0,903364.0,1676.0,2224.0,Path of Exile,1
2024-04-08,2024-04-07 00:42:00,513.0,949050.0,1850.0,2705.0,Path of Exile,1
2024-04-09,2024-04-08 01:48:00,567.0,942354.0,1662.0,2185.0,Path of Exile,1
2024-04-10,2024-04-09 01:15:00,555.0,846930.0,1526.0,2052.0,Path of Exile,1
2024-04-11,2024-04-10 01:36:00,519.0,793032.0,1528.0,2044.0,Path of Exile,1
2024-04-12,2024-04-11 01:38:00,547.0,1164016.0,2128.0,4058.0,Path of Exile,1
2024-04-13,2024-04-12 01:32:00,523.0,853013.0,1631.0,2000.0,Path of Exile,1
2024-04-14,2024-04-13 15:35:00,70.0,26670.0,381.0,642.0,Torchlight: Infinite,1
2024-04-15,2024-04-14 03:13:00,482.0,937008.0,1944.0,2650.0,Path of Exile,1
2024-04-16,2024-04-15 03:53:00,427.0,710101.0,1663.0,2089.0,Path of Exile,1
2024-04-17,2024-04-16 01:46:00,539.0,883421.0,1639.0,2141.0,Path of Exile,1
2024-04-18,2024-04-17 02:24:00,591.0,941463.0,1593.0,2169.0,Path of Exile,1
2024-04-19,2024-04-18 02:21:00,579.0,893976.0,1544.0,2166.0,Path of Exile,1
2024-04-20,2024-04-19 01:33:00,567.0,857304.0,1512.0,3323.0,"Path of Exile,Torchlight: Infinite",0
2024-04-21,2024-04-19 20:22:00,593.0,617313.0,1041.0,1660.0,Torchlight: Infinite,1
2024-04-22,2024-04-21 01:35:00,655.0,975295.0,1489.0,2317.0,"Path of Exile,Torchlight: Infinite",1
2024-04-23,2024-04-22 01:36:00,639.0,1005147.0,1573.0,2252.0,Path of Exile,1
2024-04-24,2024-04-23 01:30:00,645.0,1124880.0,1744.0,2521.0,Path of Exile,1
2024-04-25,2024-04-24 01:49:00,926.0,1728842.0,1867.0,2744.0,Path of Exile,1
2024-04-26,2024-04-25 01:34:00,716.0,1199300.0,1675.0,2293.0,Path of Exile,1
2024-04-27,2024-04-25 01:34:00,716.0,1199300.0,1675.0,2293.0,Path of Exile,0
2024-04-28,2024-04-26 01:47:00,1138.0,1909564.0,1678.0,2231.0,Path of Exile,1
2024-04-29,2024-04-28 01:37:00,848.0,1348320.0,1590.0,2120.0,Path of Exile,1
2024-04-30,2024-04-29 01:51:00,729.0,1086939.0,1491.0,1895.0,Path of Exile,1
2024-05-01,2024-04-30 01:38:00,1012.0,1400608.0,1384.0,1724.0,Path of Exile,1
2024-05-02,2024-05-01 01:45:00,765.0,982260.0,1284.0,1555.0,Path of Exile,1
2024-05-03,2024-05-02 01:37:00,668.0,757512.0,1134.0,1569.0,Path of Exile,1
2024-05-04,2024-05-03 01:37:00,608.0,794656.0,1307.0,1866.0,Path of Exile,1
2024-05-05,2024-05-04 01:42:00,678.0,972252.0,1434.0,1803.0,Path of Exile,1
2024-05-06,2024-05-05 01:30:00,600.0,820800.0,1368.0,1744.0,Path of Exile,1
2024-05-07,2024-05-06 01:24:00,651.0,964131.0,1481.0,1986.0,Path of Exile,1
2024-05-08,2024-05-07 02:01:00,809.0,890709.0,1101.0,1880.0,Path of Exile,1
2024-05-09,2024-05-08 01:34:00,611.0,702039.0,1149.0,1597.0,Path of Exile,1
2024-05-10,2024-05-09 15:17:00,373.0,293924.0,788.0,1045.0,Path of Exile,1
2024-05-11,2024-05-10 01:22:00,473.0,484825.0,1025.0,1465.0,Path of Exile,1
2024-05-12,2024-05-11 02:59:00,571.0,729738.0,1278.0,1559.0,Path of Exile,1
2024-05-13,2024-05-11 02:59:00,571.0,729738.0,1278.0,1559.0,Path of Exile,0
2024-05-14,2024-05-11 02:59:00,571.0,729738.0,1278.0,1559.0,Path of Exile,0
2024-05-15,2024-05-12 01:48:00,417.0,495396.0,1188.0,1865.0,Path of Exile,1
2024-05-16,2024-05-15 01:51:00,564.0,596148.0,1057.0,1883.0,Diablo IV,1
2024-05-17,2024-05-16 01:28:00,647.0,651529.0,1007.0,1467.0,"Path of Exile,Diablo IV",1
2024-05-18,2024-05-17 01:36:00,519.0,572457.0,1103.0,1664.0,Diablo IV,1
2024-05-19,2024-05-18 04:50:00,430.0,560720.0,1304.0,2557.0,Diablo IV,1
2024-05-20,2024-05-18 04:50:00,430.0,560720.0,1304.0,2557.0,Diablo IV,0
2024-05-21,2024-05-18 04:50:00,430.0,560720.0,1304.0,2557.0,Diablo IV,0
2024-05-22,2024-05-19 02:50:00,355.0,257730.0,726.0,1087.0,"Just Chatting,Torchlight: Infinite",1
2024-05-23,2024-05-22 01:34:00,581.0,287014.0,494.0,994.0,"Just Chatting,Senua's Saga: Hellblade II,Torchlight: Infinite",1
2024-05-24,2024-05-23 01:23:00,562.0,377664.0,672.0,908.0,Wuthering Waves,1
2024-05-25,2024-05-24 06:11:00,544.0,292128.0,537.0,778.0,Wuthering Waves,1
2024-05-26,2024-05-24 06:11:00,544.0,292128.0,537.0,778.0,Wuthering Waves,0
2024-05-27,2024-05-24 06:11:00,544.0,292128.0,537.0,778.0,Wuthering Waves,0
2024-05-28,2024-05-25 08:42:00,453.0,290826.0,642.0,818.0,Wuthering Waves,1
2024-05-29,2024-05-25 08:42:00,453.0,290826.0,642.0,818.0,Wuthering Waves,0
2024-05-30,2024-05-28 01:43:00,422.0,261640.0,620.0,845.0,"Just Chatting,Knowledge, or Know Lady,Rabbit &amp; Steel",1
2024-05-31,2024-05-30 01:20:00,475.0,254600.0,536.0,732.0,"Wuthering Waves,Another Crab's Treasure",1
2024-06-01,2024-05-31 03:32:00,448.0,354368.0,791.0,1842.0,"Just Chatting,XDefiant,Chivalry 2",1
2024-06-02,2024-06-01 15:12:00,483.0,203826.0,422.0,606.0,"Just Chatting,Chivalry 2",1
2024-06-03,2024-06-02 02:57:00,213.0,107778.0,506.0,657.0,"Just Chatting,Chivalry 2",1
2024-06-04,2024-06-03 00:46:00,449.0,249195.0,555.0,763.0,"The Game of Sisyphus,The Exit 8,Chivalry 2",1
2024-06-05,2024-06-04 01:43:00,527.0,295647.0,561.0,784.0,"Platform 8,Just Chatting,Chivalry 2",1
2024-06-06,2024-06-05 14:15:00,330.0,125400.0,380.0,501.0,"Just Chatting,BUCKSHOT ROULETTE,Destiny 2",0
2024-06-07,2024-06-05 22:48:00,432.0,236304.0,547.0,747.0,"Wuthering Waves,Chivalry 2,Destiny 2,League of Legends",1
2024-06-08,2024-06-07 01:44:00,541.0,327305.0,605.0,796.0,"Just Chatting,Chivalry 2,League of Legends",1
2024-06-09,2024-06-08 01:19:00,431.0,266358.0,618.0,858.0,"Just Chatting,League of Legends",1
2024-06-10,2024-06-09 01:35:00,580.0,383380.0,661.0,1019.0,"Just Chatting,Chivalry 2,League of Legends",1
2024-06-11,2024-06-10 01:44:00,541.0,350568.0,648.0,974.0,"League of Legends,Chivalry 2",1
2024-06-12,2024-06-11 01:17:00,493.0,255867.0,519.0,672.0,"Just Chatting,Chivalry 2,Once Human",1
2024-06-13,2024-06-12 23:38:00,157.0,44431.0,283.0,491.0,Chivalry 2,1
2024-06-14,2024-06-13 22:51:00,99.0,21978.0,222.0,410.0,"Just Chatting,Chivalry 2",1
2024-06-15,2024-06-14 00:41:00,544.0,342720.0,630.0,975.0,"Chivalry 2,Hero Siege",1
2024-06-16,2024-06-15 01:05:00,625.0,361250.0,578.0,892.0,"Just Chatting,Chivalry 2,Hero Siege",0
2024-06-17,2024-06-15 23:56:00,424.0,214968.0,507.0,870.0,Chivalry 2,1
2024-06-18,2024-06-17 07:32:00,343.0,182819.0,533.0,825.0,"Just Chatting,Lost Ark,Chivalry 2",1
2024-06-19,2024-06-18 01:37:00,293.0,123353.0,421.0,535.0,Chivalry 2,1
2024-06-20,2024-06-18 01:37:00,293.0,123353.0,421.0,535.0,Chivalry 2,0
2024-06-21,2024-06-19 14:18:00,837.0,312201.0,373.0,549.0,"Just Chatting,Lost Ark,Chivalry 2",1
2024-06-22,2024-06-21 02:41:00,394.0,133960.0,340.0,480.0,Chivalry 2,0
2024-06-23,2024-06-21 23:43:00,542.0,287260.0,530.0,983.0,"Tarisland,Chivalry 2",1
2024-06-24,2024-06-23 02:24:00,426.0,152508.0,358.0,524.0,"Just Chatting,Chivalry 2",1
2024-06-25,2024-06-24 02:29:00,361.0,187359.0,519.0,813.0,"Just Chatting,Slay the Princess",1
2024-06-26,2024-06-25 01:50:00,610.0,238510.0,391.0,574.0,"Just Chatting,Chivalry 2",1
2024-06-27,2024-06-26 01:19:00,506.0,225170.0,445.0,693.0,"Just Chatting,Chivalry 2",1
2024-06-28,2024-06-27 01:33:00,492.0,188928.0,384.0,463.0,Chivalry 2,1
2024-06-29,2024-06-28 01:24:00,486.0,199260.0,410.0,632.0,"Chivalry 2,Riven",1
2024-06-30,2024-06-29 15:14:00,91.0,26663.0,293.0,438.0,Torchlight: Infinite,1
2024-07-01,2024-06-30 03:55:00,470.0,214320.0,456.0,639.0,"Just Chatting,Chivalry 2",1
2024-07-02,2024-07-01 11:58:00,407.0,137566.0,338.0,527.0,"Just Chatting,Oh Deer,Chivalry 2",1
2024-07-03,2024-07-02 04:19:00,431.0,202570.0,470.0,822.0,"Just Chatting,The First Descendant,Chivalry 2",1
2024-07-04,2024-07-03 01:52:00,443.0,178529.0,403.0,505.0,"Just Chatting,Chivalry 2",1
2024-07-05,2024-07-04 06:06:00,144.0,42912.0,298.0,420.0,Just Chatting,1
2024-07-06,2024-07-05 00:28:00,602.0,463540.0,770.0,963.0,Torchlight: Infinite,0
2024-07-07,2024-07-05 23:56:00,454.0,304180.0,670.0,1041.0,Torchlight: Infinite,1
2024-07-08,2024-07-07 01:03:00,477.0,423576.0,888.0,1204.0,Torchlight: Infinite,0
2024-07-09,2024-07-07 15:26:00,184.0,76912.0,418.0,687.0,Torchlight: Infinite,1
2024-07-10,2024-07-09 13:13:00,32.0,11712.0,366.0,563.0,Last Epoch,0
2024-07-11,2024-07-09 17:57:00,408.0,227664.0,558.0,938.0,Last Epoch,1
2024-07-12,2024-07-11 01:42:00,528.0,383856.0,727.0,1085.0,"Torchlight: Infinite,Last Epoch",1
2024-07-13,2024-07-12 02:03:00,402.0,333258.0,829.0,1176.0,Last Epoch,1
2024-07-14,2024-07-13 01:22:00,638.0,401302.0,629.0,990.0,Torchlight: Infinite,1
2024-07-15,2024-07-13 01:22:00,638.0,401302.0,629.0,990.0,Torchlight: Infinite,0
2024-07-16,2024-07-13 01:22:00,638.0,401302.0,629.0,990.0,Torchlight: Infinite,0
2024-07-17,2024-07-13 01:22:00,638.0,401302.0,629.0,990.0,Torchlight: Infinite,0
2024-07-18,2024-07-14 06:52:00,458.0,348080.0,760.0,1746.0,"Last Epoch,Torchlight: Infinite",1
2024-07-19,2024-07-18 01:39:00,486.0,309096.0,636.0,807.0,"Just Chatting,Torchlight: Infinite",1
2024-07-20,2024-07-19 01:02:00,448.0,726208.0,1621.0,2909.0,Path of Exile,1
2024-07-21,2024-07-20 10:36:00,459.0,774792.0,1688.0,2682.0,Path of Exile,1
2024-07-22,2024-07-20 10:36:00,459.0,774792.0,1688.0,2682.0,Path of Exile,0
2024-07-23,2024-07-20 10:36:00,459.0,774792.0,1688.0,2682.0,Path of Exile,0
2024-07-24,2024-07-20 10:36:00,459.0,774792.0,1688.0,2682.0,Path of Exile,0
2024-07-25,2024-07-20 10:36:00,459.0,774792.0,1688.0,2682.0,Path of Exile,0
2024-07-26,2024-07-21 01:45:00,330.0,509850.0,1545.0,2639.0,Path of Exile,1
2024-07-27,2024-07-26 18:05:00,760.0,985720.0,1297.0,1810.0,Path of Exile,1
2024-07-28,2024-07-26 18:05:00,760.0,985720.0,1297.0,1810.0,Path of Exile,0
2024-07-29,2024-07-27 19:56:00,469.0,638778.0,1362.0,2485.0,Path of Exile,1
2024-07-30,2024-07-29 01:35:00,325.0,423150.0,1302.0,2095.0,Path of Exile,1
2024-07-31,2024-07-29 01:35:00,325.0,423150.0,1302.0,2095.0,Path of Exile,0
2024-08-01,2024-07-30 01:31:00,344.0,531480.0,1545.0,2011.0,Path of Exile,1
2024-08-02,2024-08-01 01:24:00,411.0,655134.0,1594.0,2216.0,Path of Exile,1
2024-08-03,2024-08-02 01:04:00,386.0,655042.0,1697.0,2292.0,Path of Exile,1
2024-08-04,2024-08-03 01:14:00,361.0,640053.0,1773.0,2588.0,Path of Exile,1
2024-08-05,2024-08-04 01:30:00,390.0,742170.0,1903.0,2590.0,Path of Exile,1
2024-08-06,2024-08-05 01:34:00,311.0,517504.0,1664.0,2843.0,Path of Exile,1
2024-08-07,2024-08-06 01:34:00,431.0,786144.0,1824.0,2463.0,Path of Exile,1
2024-08-08,2024-08-07 00:49:00,461.0,896645.0,1945.0,2554.0,Path of Exile,1
2024-08-09,2024-08-08 01:44:00,526.0,1022544.0,1944.0,3038.0,Path of Exile,1
2024-08-10,2024-08-09 01:38:00,517.0,936804.0,1812.0,2644.0,Path of Exile,1
2024-08-11,2024-08-10 01:55:00,605.0,1444740.0,2388.0,3747.0,Path of Exile,1
2024-08-12,2024-08-11 01:32:00,628.0,1487732.0,2369.0,4936.0,Path of Exile,1
2024-08-13,2024-08-12 01:03:00,672.0,1220352.0,1816.0,2439.0,Path of Exile,1
2024-08-14,2024-08-13 00:50:00,715.0,1555125.0,2175.0,3108.0,Path of Exile,0
2024-08-15,2024-08-13 21:46:00,854.0,1994090.0,2335.0,3474.0,Path of Exile,1
2024-08-16,2024-08-15 01:03:00,867.0,1857114.0,2142.0,2953.0,Path of Exile,1
2024-08-17,2024-08-16 01:12:00,558.0,1137762.0,2039.0,2846.0,Path of Exile,1
2024-08-18,2024-08-17 00:41:00,619.0,1219430.0,1970.0,2949.0,Path of Exile,1
2024-08-19,2024-08-18 01:30:00,540.0,1449360.0,2684.0,3756.0,Path of Exile,1
2024-08-20,2024-08-19 06:38:00,397.0,592324.0,1492.0,2156.0,Path of Exile,1
2024-08-21,2024-08-20 01:11:00,469.0,870933.0,1857.0,2674.0,Path of Exile,1
2024-08-22,2024-08-21 01:18:00,372.0,703080.0,1890.0,3989.0,Path of Exile,1
2024-08-23,2024-08-22 01:13:00,452.0,780152.0,1726.0,2465.0,Path of Exile,1
2024-08-24,2024-08-23 01:23:00,487.0,919943.0,1889.0,3264.0,Path of Exile,1
2024-08-25,2024-08-24 01:24:00,546.0,1110018.0,2033.0,3001.0,Path of Exile,1
2024-08-26,2024-08-25 01:15:00,645.0,1324830.0,2054.0,2975.0,Path of Exile,1
2024-08-27,2024-08-26 01:27:00,678.0,1538382.0,2269.0,3133.0,Path of Exile,1
2024-08-28,2024-08-27 01:32:00,568.0,996272.0,1754.0,2331.0,Path of Exile,1
2024-08-29,2024-08-28 01:17:00,658.0,1237040.0,1880.0,3015.0,Path of Exile,1
2024-08-30,2024-08-29 01:28:00,452.0,819024.0,1812.0,2598.0,Path of Exile,1
2024-08-31,2024-08-30 01:26:00,544.0,942208.0,1732.0,2297.0,Path of Exile,1
2024-09-01,2024-08-31 01:19:00,461.0,724231.0,1571.0,2087.0,Path of Exile,1
2024-09-02,2024-09-01 01:24:00,501.0,865227.0,1727.0,2154.0,Path of Exile,1
2024-09-03,2024-09-02 01:27:00,378.0,608202.0,1609.0,2080.0,Path of Exile,1
